SUM of impact coefficient,species,,,,,,,,,,,,,,,,,,,,,,,,,,,,,,,,,,,,,,,,,,,,,,,,,,,,,,,,,,,,,,,,,,,,,,,,,,,,,,,,,,,,,,,,,,,,,,,,,,,,,,,,,,,,,,,,,,,,,,,,,,,,,,,,,,,
focal tree,alternate-leaf dogwood,american elm,ash spp,basswood,big tooth aspen,birch spp,bitternut hickory,black ash,black cherry,black walnut,box elder,buckthorn,butternut,cedar spp,elderberry,green ash,hickory spp,honeysuckle,ironwood,lilac,malus,paper birch,pin cherry,red cedar,red maple,serviceberry,shagbark hickory,slippery elm,sugar maple,white ash,white cedar,white oak,yellow birch,Grand Total,offset1,offset2,ignore,gps_n,gps_w,slope,aspect,height_ft,seedling_or_adult,dbh_cm,adult_crown_class,adult_dead_or_alive,dead_adult_base_epicormics,dead_adult_trunk_epicormics,dead_adult_canker_presence,dead_adult_canker_base,dead_adult_canker_1st9ft,dead_adult_canker_1stlivebranch,dead_adult_girdle,producing_seed,adult_percent_live_canopy,live_adult_base_epicormics,live_adult_trunk_epicormics,live_adult_canker_presence,live_adult_callus_presence,live_adult_canker_base,live_adult_canker_1st9ft,live_adult_canker_1stlivebranch,live_adult_girdle,live_adult_purdue_canker_rating,live_adult_purdue_canopy_ranking,densi_n,densi_e,densi_s,densi_w,basal_diameter_mm,seedling_damage,seedling_previous_stem_count,seedling_germ_yr,seedling_dead_or_alive,dead_seedling_canker_presence,seedling_percent_live_canopy,live_seedling_canker_presence,live_seedling_callus_presence,seedling_canker_base,seedling_canker_stem,seedling_girdle,seed_count,seed_bunch_size,terminal_bud,leaf_scar,lenticels,twig_hairs,riparian_or_upland,associate_trees,competition,other_competition,last_photo,notes,hybrid_visibility,Column 67,IGNORE-1,Ignore-2,ignore-3,ignore-4,ignore-5,ignore-6,ignore-7,ignore-8,Column 77,hickory,dogwood,black walnut,white pine,red cedar,white cedar,malus,buckthorn,ash,elm,mulberry,basswood,sumac,honeysuckle,elderberry,prunus,lilac,boxelder,maple,hackberry,butternut,oak,poplar,hazelnut,beech,gooseberry,spruce,birch
6,,2.19123506,,,,1.736401674,,,,,,2.041480177,,,,,,,,,,,,92.81139719,,,,,,,10.65693699,,,109.4374511,,,,44.88442,-73.3271,0,,13,Adult,5.2,Suppressed,Alive,,,,,,,,No,65,Y,Y,Y,Yes,15,,10,40,2.5,3,,,,,,,,,,,,,,,,,,,NA,0,0,0,upland,"butternut, red cedar, elm, ash, white cedar, dogwood, white pine",Vines on the tree,,3400,collected by Kylie ,Y,,butternut,red cedar,elm,ash,white cedar,dogwood,white pine,,,0,1,0,1,1,1,0,0,1,1,0,0,0,0,0,0,0,0,0,0,1,0,0,0,0,0,0,0
7,,,,0.777027027,,,,5.192244387,,,,,1.677489177,,,,,,,,,,,35.19348312,,,,,5.962392663,,,,,48.80263637,,,,44.88432,-73.3269,0,,41,Adult,39.9,Dominant,Alive,,,,,,,,Unknown (unable to see),95,N,N,Y,Yes,35,20,20,30,2,2,,,,,,,,,,,,,,,,,,,,,,,upland,"maple, red cedar, hickory, ash, basswood",None apparent,,3389,collected by Kylie ,N,,maple,red cedar,hickory,ash,basswood,,,,,1,0,0,0,1,0,0,0,1,0,0,1,0,0,0,0,0,0,1,0,0,0,0,0,0,0,0,0
22,,6.549060734,5.10341424,5.449237231,,,,,10.08284472,,,,9.418011628,,,,,,,,,,,56.68601414,,0.9844559585,,,,,6.015565548,1.320293399,,101.6088976,,,,44.88445,-73.3262,1,E,43,Adult,42.3,Dominant,Alive,,,,,,,,Unknown (unable to see),100,N,N,Y,Yes,10,5,2,5,1.5,1,,,,,,,,,,,,,,,,,,,,,,,upland,"red cedar, butternut, basswood, bitternut hickory, ash, elm",None apparent,,3365,collected by Kylie ,N,,red cedar,butternut,basswood,hickory,ash,elm,,,,1,0,0,0,1,0,0,0,1,1,0,1,0,0,0,0,0,0,0,0,1,0,0,0,0,0,0,0
27,,,3.332842441,,,,,,,,,,,,,,,,,,,,,22.42174917,,,,,,,,,,25.75459161,,,,44.88592,-73.3268,0,,45,Adult,34.1,NA - no canopy,Alive,,,,,,,,Yes,70,Y,N,Y,Yes,10,10,7,8,3,2.5,,,,,,,,,,,,,,,,,<50,5 or fewer,,,,,upland,"boxelder, ash, red cedar, honeysuckle",None apparent,,1107,,N,,,,,,,,,,,0,0,0,0,1,0,0,0,1,0,0,0,0,1,0,0,0,1,0,0,0,0,0,0,0,0,0,0
34,0.8571428571,,,,,,,,,,,1.345238095,,,,,,,,,,,,96.22813777,,,,,,,,,,98.43051872,,,,44.88345,-73.3294,0,,38,Adult,30.7,Dominant,Alive,,,,,,,,No,2,N,N,Y,Yes,5,10,15,15,2,4.5,,,,,,,,,,,,,,,,,,,,,,,upland,"elderberry, red cedar, cherry, prunus sp, dogwood","Vines on the tree, Other",red cedar ,3608,collected by catherine,N,,elderberry,red cedar,prunus,prunus,dogwood,,,,,0,1,0,0,1,0,0,0,0,0,0,0,0,0,1,1,0,0,0,0,0,0,0,0,0,0,0,0
36,,,,,,,,,,,,,3.57,,,,,,,,,,,34.58951978,,,,,,,,,,38.15951978,,,,44.8835,-73.3297,0,,46,Adult,45.2,Dominant,Alive,,,,,,,,Unknown (unable to see),60,N,Y,Y,Yes,10,15,17,30,2.5,2,,,,,,,,,,,,,,,,,,,,,,,upland,"red cedar, butternut, ash",None apparent,,3619,collected by catherine,N,,red cedar,butternut,ash,,,,,,,0,0,0,0,1,0,0,0,1,0,0,0,0,0,0,0,0,0,0,0,1,0,0,0,0,0,0,0
39,,,,,,,,,,,,0.6618407446,,,,,,,,,,,,37.55234254,,,,,,,,,,38.21418329,,,,44.88303,-73.3298,0,,30,Adult,32,Dominant,Alive,,,,,,,,No,5,Y,N,Y,Yes,60,25,20,60,3,4.5,,,,,,,,,,,,,,,,,,,NA,0,0,0,upland,"red cedar, honeysuckle, elderberry",None apparent,,2922,collected by Catherine,Y,,red cedar,honeysuckle,elderberry,,,,,,,0,0,0,0,1,0,0,0,0,0,0,0,0,1,1,0,0,0,0,0,0,0,0,0,0,0,0,0
40,0.710554951,3.239740821,,,,,3.943819868,6.279969543,,,,,,,,0.6778149387,,,,,,,,191.0483861,,,,,,,5.662650602,,,211.5629368,,,,44.88273,-73.33,0,,32,Adult,29.9,Co-dominant,Alive,,,,,,,,Unknown (unable to see),80,N,N,Y,Yes,50,35,25,20,3,1.5,,,,,,,,,,,,,,,,,,,,,,,upland,"white cedar, elderberry, ash, elm, buckthorn",None apparent,,3694,collected by catherine,N,,white cedar,elderberry,ash,elm,buckthorn,,,,,0,0,0,0,0,1,0,1,1,1,0,0,0,0,1,0,0,0,0,0,0,0,0,0,0,0,0,0
44,,,,,,,,,,,,,12.59385666,,,,,,,,,,,13.23248575,,,,,,,18.62024914,,,44.44659154,,,,44.88296,-73.3308,0,,34,Adult,21,Intermediate,Alive,,,,,,,,No,0,Y,Y,Y,Yes,20,40,45,40,3.5,5,,,,,,,,,,,,,,,,,,,NA,0,0,1,upland,"white cedar, red cedar, butternut, gooseberry, elderberry ",None apparent,,3774,collected by catherine,Y,,white cedar,red cedar,butternut,gooseberry,elderberry,,,,,0,0,0,0,1,1,0,0,0,0,0,0,0,0,1,0,0,0,0,0,1,0,0,0,0,1,0,0
45,,,,,,,4.368747897,,,,,1.672394529,4.706703911,,,,,0.8605341246,,,,,,43.41958666,1.630434783,2.803738318,,,,,,,,59.46214022,,,,44.88276,-73.3295,0,,34,Adult,28.5,Intermediate,Alive,,,,,,,,Unknown (unable to see),80,N,N,Y,Yes,55,55,60,70,3.5,1.5,,,,,,,,,,,,,,,,,,,,,,,upland,"red cedar, bitternut hickory, buckthorn","Vines on the tree, Other",red cedar,2942,collected by catherine,N,,red cedar,hickory,buckthorn,,,,,,,1,0,0,0,1,0,0,1,0,0,0,0,0,0,0,0,0,0,0,0,0,0,0,0,0,0,0,0
50,,5.756527778,,,,,,,0.7954545455,,,2.344672657,,,,,,0.9538461538,,,,,,32.47718558,,,0.5151515152,,,,,,,42.84283823,,,,44.88337,-73.327,5,NE,11,Adult,10.4,Intermediate,Alive,,,,,,,,No,65,N,N,Y,Yes,45,,50,60,3,2.5,,,,,,,,,,,,,,,,,,,NA,0,0,1,upland,"red cedar, bitternut hickory ",None apparent,,2582,collected by Emma,Y,,red cedar,hickory,,,,,,,,1,0,0,0,1,0,0,0,0,0,0,0,0,0,0,0,0,0,0,0,0,0,0,0,0,0,0,0
53,,,,,,,,,,,,1.741935484,,,,,,,,,4.575177305,,,48.78172658,,,,,,,,,,55.09883937,,,,44.88345,-73.3272,1,E,14,Adult,5.6,Suppressed,Alive,,,,,,,,No,95,N,N,Y,Yes,25,,10,30,1.5,2,,,,,,,,,,,,,,,,,,,,,,,upland,"red cedar, butternut, malus",None apparent,,2603,collected by Emma,N,,red cedar,butternut,malus,,,,,,,0,0,0,0,1,0,1,0,0,0,0,0,0,0,0,0,0,0,0,0,1,0,0,0,0,0,0,0
57,2.817143438,,,,,,,,,,,,4.74892396,,,,,,,,,,,19.74913943,,,2.871165644,5.357117117,,,38.03147543,,,73.57496502,,,,44.88291,-73.3311,0,,47,Adult,35.7,Co-dominant,Alive,,,,,,,,Unknown (unable to see),100,N,N,Y,Yes,60,50,40,55,2.5,1.5,,,,,,,,,,,,,,,,,,,,,,,upland,"white cedar, elderberry, dogwood, butternut, red cedar, ash, shagbark hickory, elm ",Other,white cedar,1849,collected by Catherine,N,,white cedar,elderberry,dogwood,butternut,red cedar,ash,hickory,elm,,1,1,0,0,1,1,0,0,1,1,0,0,0,0,1,0,0,0,0,0,1,0,0,0,0,0,0,0
60,6.777777778,,,,,,,,,,,3.195791805,,,,,,,,,,,,63.91595285,,,,,,,10.32677647,,,84.21629891,,,,44.8837,-73.3311,1,N,29,Adult,16.6,Co-dominant,Alive,,,,,,,,Unknown (unable to see),10,Y,N,Y,Yes,80,85,75,80,4,3.5,,,,,,,,,,,,,,,,,,,NA,Unsure,0,0,upland,"red cedar, ash, buckthorn, dogwood ",None apparent,,4279,collected by Kylie,Y,,red cedar,ash,buckthorn,dogwood,,,,,,0,1,0,0,1,0,0,1,1,0,0,0,0,0,0,0,0,0,0,0,0,0,0,0,0,0,0,0
61,,,9.63792938,,1.289855072,,,,,,,,11.37643483,,,,,,,,,,,40.01669484,,,,,,,,,,62.32091412,,,,44.88587,-73.3286,0,,42,Adult,29.5,Co-dominant,Alive,,,,,,,,Unknown (unable to see),95,N,N,Y,Yes,50,25,15,20,2.5,1,,,,,,,,,,,,,,,,,,,,,,,upland,"Ash, butternut, dogwood, red cedar, buckthorn, sumac",None apparent,,3885,collected by Kylie,N,,ash,butternut,dogwood,red cedar,buckthorn,sumac,,,,0,1,0,0,1,0,0,1,1,0,0,0,1,0,0,0,0,0,0,0,1,0,0,0,0,0,0,0
64,,7.397506491,11.18602553,,,,,3.015662258,,,,,6.128301725,,,,,,,,,,,73.47204056,,,,,4.399205033,,11.56385768,,,117.1625993,,,,44.88456,-73.3277,0,,42,Adult,35.5,Dominant,Alive,,,,,,,,Unknown (unable to see),85,N,N,Y,Yes,70,65,45,85,3.5,1.5,,,,,,,,,,,,,,,,,,,,,,,upland,"sugar maple, ash, red cedar ",None apparent,,3470,collected by Catherine,N,,maple,ash,red cedar,,,,,,,0,0,0,0,1,0,0,0,1,0,0,0,0,0,0,0,0,0,1,0,0,0,0,0,0,0,0,0
68,,1.830985915,,,,,,,,,,1.907189542,,,,,,,,,,,,63.45871127,,,,,,,,,,67.19688673,,,,44.88471,-73.3271,0,,43,Adult,37.7,Dominant,Alive,,,,,,,,Unknown (unable to see),95,N,N,Y,Yes,10,5,5,10,1.5,1.5,,,,,,,,,,,,,,,,,,,,,,,upland,"butternut, red cedar, mulberry, elm, oak, ash, maple",None apparent,,3432,collected by kylie,N,,butternut,red cedar,mulberry,elm,oak,ash,maple,,,0,0,0,0,1,0,0,0,1,1,1,0,0,0,0,0,0,0,1,0,1,1,0,0,0,0,0,0
71,,4.762718447,8.740570745,,,,,1.18,1.632231405,9.153209031,,1.25,7.153268387,,,,,,,,3.765281174,,,35.90863904,,,0.6144578313,,1.641468683,11.52935556,7.148999759,,,94.48020006,,,,44.88492,-73.3271,0,,47,Adult,19,Co-dominant,Alive,,,,,,,,No,100,N,N,Y,Yes,15,20,10,65,3,1.5,,,,,,,,,,,,,,,,,,,,,,,upland,"elm, black walnut, ash, butternut, white cedar",None apparent,,1465,collected by emma,N,,elm,black walnut,ash,butternut,white cedar,,,,,0,0,1,0,0,1,0,0,1,1,0,0,0,0,0,0,0,0,0,0,1,0,0,0,0,0,0,0
72,,11.18575851,46.94761635,23.03881176,,,,,,,,,1.298969072,,,,,,,,,,,3.526691332,,,14.01128676,,30.59919281,,2.363636364,,,132.971963,,,,44.88339,-73.3261,2,E,52,Adult,36.8,Co-dominant,Alive,,,,,,,,Unknown (unable to see),55,N,N,Y,Yes,85,60,60,90,3.5,2,,,,,,,,,,,,,,,,,,,,,,,upland,"maple, basswood, red cedar, white cedar, hickory ",None apparent,,3277,"hard to see crown due to maple canopy, collected by kylie ",N,,maple,basswood,red cedar,white cedar,hickory,,,,,1,0,0,0,1,1,0,0,0,0,0,1,0,0,0,0,0,0,1,0,0,0,0,0,0,0,0,0
78,,6.291761641,20.13293948,,,,,,,,,,,,,,,,,,,,,61.17327199,,,,,0.7285714286,,49.45290602,,,137.7794506,,,,44.88389,-73.3299,0,,45,Adult,28.9,Co-dominant,Alive,,,,,,,,Yes,80,Y,N,Y,Yes,15,35,40,80,4,4,,,,,,,,,,,,,,,,,Lots - greater than 50,5 or fewer,NA,0,0,0,upland,"ash, butternut, red cedar, white cedar, honeysuckle",Other,Red cedar,245,,Y,,,,,,,,,,,0,0,0,0,1,1,0,0,1,0,0,0,0,1,0,0,0,0,0,0,1,0,0,0,0,0,0,0
88,,,2.214734182,,,,,,2.07115629,,,,,,,,,1.177370031,,,,,,32.15487479,,,1.160714286,,,,4.628846875,,,43.40769646,,,,44.88443,-73.3274,0,,50,Adult,43.3,Dominant,Alive,,,,,,,,Unknown (unable to see),50,N,Y,Y,Yes,70,35,25,70,3,3.5,,,,,,,,,,,,,,,,,,,,,,,upland,"butternut, ash, red cedar, white cedar",None apparent,,3422,collected by kylie,N,,butternut,ash,red cedar,white cedar,,,,,,0,0,0,0,1,1,0,0,1,0,0,0,0,0,0,0,0,0,0,0,1,0,0,0,0,0,0,0
91,,2.167730198,,6.90376569,,,8.956640196,4.245138461,,,,,,,,,,,,,,,,153.9247143,,,,,,,,,,176.1979888,,,,44.88425,-73.3276,0,,35,Adult,35.4,Dominant,Alive,,,,,,,,Unknown (unable to see),100,N,N,Y,Yes,20,55,35,85,3,1,,,,,,,,,,,,,,,,,,,,,,,upland,"ash, elm, basswood, red cedar ",None apparent,,3542,collected by catherine,N,,ash,elm,basswood,red cedar,,,,,,0,0,0,0,1,0,0,0,1,1,0,1,0,0,0,0,0,0,0,0,0,0,0,0,0,0,0,0
92,,11.28157699,24.62222504,,,,,,,,,6.610717931,,,,,,,,,,,3.066470588,85.94231653,,,3.82996633,,,,8.795408559,,,144.148682,,,,44.88438,-73.3277,0,,47,Adult,33.5,Dominant,Alive,,,,,,,,Unknown (unable to see),100,N,N,Y,Yes,10,55,40,50,3.5,1,,,,,,,,,,,,,,,,,,,,,,,upland,"red cedar, elm, prunus spp, shagbark hickory, butternut",None apparent,,3563,collected by catherine,N,,red cedar,elm,prunus,hickory,butternut,,,,,1,0,0,0,1,0,0,0,0,1,0,0,0,0,0,1,0,0,0,0,1,0,0,0,0,0,0,0
93,,0.7936507937,19.61393702,,,,,,,,,0.9428571429,2.996742671,,,,,,,,,,,90.93759993,,,,,,,,,,115.2847876,,,,44.88429,-73.3279,0,,35,Adult,16.9,Co-dominant,Alive,,,,,,,,Unknown (unable to see),85,N,N,Y,Yes,25,20,40,65,3,1.5,,,,,,,,,,,,,,,,,,,,,,,upland,"buckthorn, red cedar, elm, ash, butternut",None apparent,,3531,collected by catherine,N,,buckthorn,red cedar,elm,ash,butternut,,,,,0,0,0,0,1,0,0,1,1,1,0,0,0,0,0,0,0,0,0,0,1,0,0,0,0,0,0,0
96,,15.02218866,,,,,,,,,,,7.803899225,,,,,,,,,,,89.21646392,,,,,,,3.826912018,,,115.8694638,,,,44.88438,-73.3281,0,,41,Adult,43,Co-dominant,Alive,,,,,,,,Unknown (unable to see),100,N,N,Y,Yes,15,40,35,40,3.5,1,,,,,,,,,,,,,,,,,,,,,,,upland,"shagbark hickory, red cedar, butternut",None apparent,,3506,collected by catherine,N,,hickory,red cedar,butternut,,,,,,,1,0,0,0,1,0,0,0,0,0,0,0,0,0,0,0,0,0,0,0,1,0,0,0,0,0,0,0
100,,,16.17496229,10.36016957,,,,,8.204081633,,,,5.451612903,,,,,,13.94231167,,,,,8.078217461,,,,,7.209677419,,11.43490359,,,80.85593654,,,,44.88319,-73.3265,1,E,64,Adult,47.5,Co-dominant,Alive,,,,,,,,Unknown (unable to see),95,N,N,Y,Yes,15,2,1,8,1.5,1,,,,,,,,,,,,,,,,,,,,,,,upland,"butternut, ash, maple, basswood, red cedar, white cedar ",None apparent,,3305,collected by kylie,N,,butternut,ash,maple,basswood,red cedar,white cedar,,,,0,0,0,0,1,1,0,0,1,0,0,1,0,0,0,0,0,0,1,0,1,0,0,0,0,0,0,0
101,,,3.519334049,43.00179813,,,,,,,,,,,,,,,2.026077098,,,,,10.31342284,,,0.6296296296,,8.931720671,,,,,68.42198242,,,,44.88375,-73.3266,3,SE,36,Adult,17.5,Intermediate,Alive,,,,,,,,Unknown (unable to see),85,N,N,Y,Yes,35,30,30,35,3,1.5,,,,,,,,,,,,,,,,,,,,,,,upland,"shagbark hickory, sugar maple, basswood, white cedar, red cedar ",None apparent,,2749,collected by catherine,N,,hickory,maple,basswood,white cedar,red cedar,,,,,1,0,0,0,1,1,0,0,0,0,0,1,0,0,0,0,0,0,1,0,0,0,0,0,0,0,0,0
104,,5.000396675,10.68682107,9.542876382,,,1.75492348,1.607717042,,,,2.119090846,15.82670047,1.466030989,,,,,,,2.126556017,,,25.50761401,,,,,16.35439258,,10.0728192,,,102.0659388,,,,44.88431,-73.3266,2,SE,45,Adult,33,Co-dominant,Alive,,,,,,,,Not fruiting season,90,N,N,Y,Yes,90,55,35,50,3,1,,,,,,,,,,,,,,,,,,,,,,,upland,"butternut, sugar maple, red cedar, white cedar, ash, basswood, elm",None apparent,,1580,collected by emma ,N,,butternut,maple,red cedar,white cedar,ash,basswood,elm,,,0,0,0,0,1,1,0,0,1,1,0,1,0,0,0,0,0,0,1,0,1,0,0,0,0,0,0,0
109,,6.415089679,6.275503274,,,,,,,,,,10.02327935,,,,,,,7.006474146,,1.146341463,,41.20871671,,,,,1.172043011,,3.35,,,76.59744764,,,,44.88446,-73.3265,2,SE,44,Adult,22.2,Co-dominant,Alive,,,,,,,,Not fruiting season,95,N,N,Y,Yes,0,1,0.5,3,1,1,,,,,,,,,,,,,,,,,,,,,,,upland,"red cedar, butternut, dogwood, maple, elm, ash",None apparent,,1538,collected by emma,N,,red cedar,butternut,dogwood,maple,elm,ash,,,,0,1,0,0,1,0,0,0,1,1,0,0,0,0,0,0,0,0,1,0,1,0,0,0,0,0,0,0
123,,12.36246486,63.18900742,,,,,11.5921829,,,,,2.057877814,,,,12.33695652,,,,,,,26.35418431,,,,,11.38473167,,13.34001879,,,152.6174243,,,,44.88483,-73.3261,0,,40,Adult,27.5,Co-dominant,Alive,,,,,,,,Unknown (unable to see),75,N,N,Y,Yes,35,80,50,95,4.5,2,,,,,,,,,,,,,,,,,,,,,,,upland,"sugar maple, ash, elm, white pine",None apparent,,3839,collected by catherine,N,,maple,ash,elm,white pine,,,,,,0,0,0,1,0,0,0,0,1,1,0,0,0,0,0,0,0,0,1,0,0,0,0,0,0,0,0,0
124,,,8.420079518,13.55281919,,,,,,,,,,,,,,,9.385116389,,,,,30.98281302,,,7.623746205,,6.252319109,,6.669131299,,,82.88602474,,,,44.88351,-73.3262,1,E,39,Adult,12.5,Co-dominant,Alive,,,,,,,,Unknown (unable to see),85,N,Y,Y,Yes,15,20,25,25,2.5,2,,,,,,,,,,,,,,,,,,,,,,,upland,"butternut, ash, maple, basswood, red cedar, white cedar, hickory ",None apparent,,3315,collected by catherine,N,,butternut,ash,maple,basswood,red cedar,white cedar,hickory,,,1,0,0,0,1,1,0,0,1,0,0,1,0,0,0,0,0,0,1,0,1,0,0,0,0,0,0,0
125,,18.76513587,3.417525773,,,,,,,,,,,,,,,,,,,,,74.07487004,,,,,17.36292468,,26.63698788,,,140.2574442,,,,44.88241,-73.3281,1,E,38,Adult,33,Co-dominant,Alive,,,,,,,,No,15,Y,Y,Y,Yes,35,80,75,85,3.5,4,,,,,,,,,,,,,,,,,,,,,,,upland,"white cedar, maple, bitternut hickory, eastern red cedar, elm",None apparent,,1623,collected by emma,N,,white cedar,maple,hickory,red cedar,elm,,,,,1,0,0,0,1,1,0,0,0,1,0,0,0,0,0,0,0,0,1,0,0,0,0,0,0,0,0,0
126,9.6,1.373333333,24.85947363,,,,16.27026412,,,,,2.513979497,,,,,,,,,,,,14.48654971,,,,,,,13.62290618,,,82.72650647,,,,44.88257,-73.328,2,E,42,Adult,37.4,Co-dominant,Alive,,,,,,,,No,0,N,Y,Y,Yes,75,,95,95,5,5,,,,,,,,,,,,,,,,,,,NA,0,0,0,upland,"sugar maple, bitternut hickory, white cedar, red cedar, ash",None apparent,,1636,collected by emma,Y,,maple,hickory,white cedar,red cedar,ash,,,,,1,0,0,0,1,1,0,0,1,0,0,0,0,0,0,0,0,0,1,0,0,0,0,0,0,0,0,0
127,1.579195857,7.019230769,,,,,3.908653846,,,,,0.8208955224,,,,,,,,,,,,37.05252567,,,7.335923057,,2.859068627,,,,,60.57549335,,,,44.88263,-73.3283,1,E,35,Adult,33.2,Co-dominant,Alive,,,,,,,,No,60,N,N,Y,Yes,90,70,60,90,4,2,,,,,,,,,,,,,,,,,,,,,,,upland,"butternut, white cedar, sugar maple, ash",None apparent,,1644,collected by catherine,N,,butternut,white cedar,maple,ash,,,,,,0,0,0,0,0,1,0,0,1,0,0,0,0,0,0,0,0,0,1,0,1,0,0,0,0,0,0,0
130,,,,,,,5.093514329,,,,1.53125,8.785425762,,,,,,,,,1.903614458,,,27.57806118,,1.068181818,,,,,,,,45.96004754,,,,44.88272,-73.329,0,,24,Adult,20.2,Intermediate,Alive,,,,,,,,Yes,15,N,Y,Y,Yes,35,65,60,95,4,3,,,,,,,,,,,,,,,,,Few - less than 50 seeds on the tree,5 or fewer,,,,,upland,"red cedar, bitternut hickory, honeysuckle, buckthorn, ash",Vines on the tree,,1726,collected by kylie,N,,red cedar,hickory,honeysuckle,buckthorn,ash,,,,,1,0,0,0,1,0,0,1,1,0,0,0,0,1,0,0,0,0,0,0,0,0,0,0,0,0,0,0
157,,,,,,,,,,,,,1.364485981,,,,,,,,,,,30.64273356,,,,,,,,,,32.00721955,,,,44.88371,-73.3272,2,NE,5,Adult,13,Suppressed,Alive,,,,,,,,No,95,N,N,Y,Yes,5,,5,20,1,1,,,,,,,,,,,,,,,,,,,NA,0,0,0,upland,"red cedar, dogwood, butternut",None apparent,,2672,collected by catherine,Y,,red cedar,dogwood,butternut,,,,,,,0,1,0,0,1,0,0,0,0,0,0,0,0,0,0,0,0,0,0,0,1,0,0,0,0,0,0,0
169,,1.028571429,1.16091954,,,,,,,,,4.344720497,,,,,,,,,,,,57.02207676,,,1.935483871,,0.5483870968,,,,,66.0401592,,,,44.88303,-73.3271,0,,24,Adult,18.3,Dominant,Alive,,,,,,,,Unknown (unable to see),10,N,N,Y,Yes,40,25,25,36,2.5,1,,,,,,,,,,,,,,,,,,,,,,,upland,"ash, butternut, elm, red cedar, hickory, maple",None apparent,,3336,collected by kylie,N,,ash,butternut,elm,red cedar,hickory,maple,,,,1,0,0,0,1,0,0,0,1,1,0,0,0,0,0,0,0,0,1,0,1,0,0,0,0,0,0,0
175,,11.09639822,14.84880387,41.64790291,,,,,6.37037037,,3.527111544,,,,,,,,,,,,,,,,,,,3.475609756,,,,80.96619667,,,,44.88634,-73.3292,0,,49,Adult,32.9,Co-dominant,Alive,,,,,,,,Unknown (unable to see),30,N,Y,Y,Yes,45,20,25,35,2.5,5,,,,,,,,,,,,,,,,,,,,,,,upland,"Basswood, ash, elm, cherry, bitternut hickory, birch",None apparent,,3943,"The epicormic from the trunk is dead, and the main trunk splits low. collected by Kylie",N,,basswood,ash,elm,prunus,hickory,birch,,,,1,0,0,0,0,0,0,0,1,1,0,1,0,0,0,1,0,0,0,0,0,0,0,0,0,0,0,1
182,,18.52870783,,4.762195122,,,,,,,,0.7317073171,,,,,,,,,,,,22.79340811,,,,,36.09163257,,7.154447581,,,90.06209853,,,,44.88276,-73.3271,4,N,38,Adult,31.6,Co-dominant,Alive,,,,,,,,Unknown (unable to see),75,N,N,Y,Yes,45,85,70,95,4.5,2,,,,,,,,,,,,,,,,,,,,,,,upland,"elm, red cedar, maple, ash, basswood, white cedar",None apparent,,3344,collected by kylie,N,,elm,red cedar,maple,ash,basswood,white cedar,,,,0,0,0,0,1,1,0,0,1,1,0,1,0,0,0,0,0,0,1,0,0,0,0,0,0,0,0,0
196,,,,10.49703817,,,,,,,,,,,,,,,,,,,,46.83490358,,,1.446111869,,0.9268292683,2.19191685,,,2.957440476,64.85424021,,,,44.88401,-73.3268,1,E,22,Adult,11.6,Intermediate,Alive,,,,,,,,No,95,N,N,Y,Yes,10,20,15,40,2.5,1,,,,,,,,,,,,,,,,,,,,,,,upland,"basswood, red cedar, butternut, buckthorn, ash",None apparent,,2395,collected by emma,N,,basswood,red cedar,butternut,buckthorn,ash,,,,,0,0,0,0,1,0,0,1,1,0,0,1,0,0,0,0,0,0,0,0,1,0,0,0,0,0,0,0
199,,,,,,,,,,,,1.823404255,,,,,,1.032258065,,,,,,14.64293141,,,,,,,,,,17.49859373,,,,44.88373,-73.3324,2,N,12,Adult,4.6,Intermediate,Alive,,,,,,,,No,95,N,N,Y,Yes,0,,5,15,1,1,,,,,,,,,,,,,,,,,,,NA,0,0,0,upland,"red cedar, honeysuckle, buckthorn",None apparent,,2197,collected by kylie,Y,,red cedar,honeysuckle,buckthorn,,,,,,,0,0,0,0,1,0,0,1,0,0,0,0,0,1,0,0,0,0,0,0,0,0,0,0,0,0,0,0
203,,10.49631493,,,,,,,,,,,17.3086553,,,,,,,,,,,19.31765455,,,,,,,16.46782997,,,63.59045475,,,,44.88287,-73.3313,0,,40,Adult,57.3,Co-dominant,Alive,,,,,,,,Unknown (unable to see),80,N,Y,Y,Yes,45,,30,50,3,1.5,,,,,,,,,,,,,,,,,,,,,,,upland,"butternut, red cedar, elm, white cedar, elderberry",Vines on the tree,,1800,collected by kylie,N,,butternut,red cedar,elm,white cedar,elderberry,,,,,0,0,0,0,1,1,0,0,0,1,0,0,0,0,1,0,0,0,0,0,1,0,0,0,0,0,0,0
207,1.35,,,,,,,,,,,,4.594257179,,,,,0.9279778393,,,,,,17.2327254,,,,,,,30.48952004,,,54.59448045,,,,44.88266,-73.3314,0,,42,Adult,33.2,Co-dominant,Alive,,,,,,,,Unknown (unable to see),90,N,N,Y,Yes,60,45,30,75,3,1.5,,,,,,,,,,,,,,,,,,,,,,,upland,"butternut, white cedar, red cedar, ash, dogwood, elm",None apparent,,1843,collected by catherine,N,,butternut,white cedar,red cedar,ash,dogwood,elm,,,,0,1,0,0,1,1,0,0,1,1,0,0,0,0,0,0,0,0,0,0,1,0,0,0,0,0,0,0
216,,,,,,,,,,,,1.973333333,34.80650995,,,,,,,,,,,31.16859409,,,,,,1.506493506,,,,69.45493087,,,,44.88251,-73.3309,1,N,38,Adult,22.3,Intermediate,Alive,,,,,,,,Unknown (unable to see),40,Y,N,Y,Yes,45,30,20,40,2.5,2,,,,,,,,,,,,,,,,,,,NA,0,0,0,upland,"red cedar, butternut, white cedar, hickory",None apparent,,3124,collected by kylie,Y,,red cedar,butternut,white cedar,hickory,,,,,,1,0,0,0,1,1,0,0,0,0,0,0,0,0,0,0,0,0,0,0,1,0,0,0,0,0,0,0
223,1.7,,,,,,1.849865952,,,,,,7.484662577,,,,,,,,,,,,,,0.9882352941,,,,19.44378745,,,31.46655127,,,,44.88228,-73.3308,1,NE,40,Adult,34.8,Co-dominant,Alive,,,,,,,,Unknown (unable to see),85,Y,Y,Y,Yes,70,75,60,75,3.5,1.5,,,,,,,,,,,,,,,,,,,NA,0,0,0,upland,"white cedar, red cedar, butternut, dogwood, ash, shagbark hickory",None apparent,,3031,collected by kylie,Y,,white cedar,red cedar,butternut,dogwood,ash,hickory,,,,1,1,0,0,1,1,0,0,1,0,0,0,0,0,0,0,0,0,0,0,1,0,0,0,0,0,0,0
226,1.694733595,,,,,,3.132356389,,,,,,114.0787052,,,,,,,,,,,4.085714286,,,,,,,42.77857143,,,165.7700809,,,,44.88175,-73.3304,0,,41,Adult,35.6,Co-dominant,Alive,,,,,,,,Unknown (unable to see),65,N,N,Y,Yes,15,15,10,15,1.5,2.5,,,,,,,,,,,,,,,,,,,,,,,upland,"butternut, white cedar, honeysuckle, red cedar, dogwood, malus, hickory",None apparent,,2999,collected by kylie,N,,butternut,white cedar,honeysuckle,red cedar,dogwood,malus,hickory,,,1,1,0,0,1,1,1,0,0,0,0,0,0,1,0,0,0,0,0,0,1,0,0,0,0,0,0,0
228,,1.024811219,,,,,12.75470559,,,,,,12.79837398,,,,,,,,,,,35.89091228,,,,,,,2.5,,,64.96880307,,,,44.88245,-73.3305,1,NW,28,Adult,24.8,Co-dominant,Alive,,,,,,,,Unknown (unable to see),20,Y,N,Y,Yes,75,65,70,75,4,3,,,,,,,,,,,,,,,,,,,NA,Unsure,0,0,upland,"elderberry, butternut, ash, red cedar, white cedar, bitternut hickory, boxelder",Vines on the tree,,3181,collected by kylie,Y,,elderberry,butternut,ash,red cedar,white cedar,hickory,boxelder,,,1,0,0,0,1,1,0,0,1,0,0,0,0,0,1,0,0,1,0,0,1,0,0,0,0,0,0,0
230,7.59173298,7.313945761,0.935483871,,,,2.514712064,,,,,13.34266635,6.124604681,,,,,,,,,,,76.00829285,,,,,,,,,,113.8314386,,,,44.88271,-73.3305,0,,43,Adult,34.7,Dominant,Alive,,,,,,,,Unknown (unable to see),5,N,N,Y,Yes,50,35,30,70,3.5,4,,,,,,,,,,,,,,,,,,,,,,,upland,"dogwood, buckthorn, red cedar, elm",None apparent,,3738,collected by catherine,N,,dogwood,buckthorn,red cedar,elm,,,,,,0,1,0,0,1,0,0,1,0,1,0,0,0,0,0,0,0,0,0,0,0,0,0,0,0,0,0,0
231,,12.73590643,7.953590139,,,,1.127659574,,,,,1.661739865,5.372881356,,,,,,,,,,,81.72571335,,,,,,,,,,110.5774907,,,,44.88245,-73.3292,0,,29,Adult,25.1,Intermediate,Alive,,,,,,,,No,5,Y,N,Y,Yes,70,,85,95,5,5,,,,,,,,,,,,,,,,,,,NA,0,1,0,upland,"elderberry, red cedar, bitternut hickory, elm, butternut, ash",None apparent,,1714,collected by catherine,Y,,elderberry,red cedar,hickory,elm,butternut,ash,,,,1,0,0,0,1,0,0,0,1,1,0,0,0,0,1,0,0,0,0,0,1,0,0,0,0,0,0,0
234,,18.00887327,1.58557423,,,,2.093450028,,,,,3.4919207,3.621621622,,,,,,,,,,,70.43907177,,,,,,1.333333333,2.567164179,,,103.1410091,,,,44.88237,-73.3291,0,,43,Adult,36.5,Dominant,Alive,,,,,,,,No,75,N,N,Y,Yes,40,55,35,55,3.5,1.5,,,,,,,,,,,,,,,,,,,,,,,upland,"red cedar, white cedar, bitternut hickory, butternut, elm, elderberry, ash",None apparent,,1695,collected by catherine,N,,red cedar,white cedar,hickory,butternut,elm,elderberry,ash,,,1,0,0,0,1,1,0,0,1,1,0,0,0,0,1,0,0,0,0,0,1,0,0,0,0,0,0,0
235,,3.028417819,5.480769231,,,,22.73829608,,,,,,,,,,,,,,,,,52.37588595,,,,,,,,,,83.62336908,,,,44.88246,-73.3294,0,,40,Adult,39.2,Co-dominant,Alive,,,,,,,,Unknown (unable to see),60,N,N,Y,Yes,45,60,60,50,3.5,2,,,,,,,,,,,,,,,,,,,,,,,upland,"elm, red cedar, bitternut hickory, dogwood",Vines on the tree,,1736,collected by kylie,N,,elm,red cedar,hickory,dogwood,,,,,,1,1,0,0,1,0,0,0,0,1,0,0,0,0,0,0,0,0,0,0,0,0,0,0,0,0,0,0
236,1.596774194,0.8285714286,,4.961047254,,,9.455264306,,,,,3.054008439,,,,,,,,,,,,46.02583585,,,,,,,11.52554348,,,77.44704495,,,,44.88256,-73.3298,0,,35,Adult,34.6,Co-dominant,Alive,,,,,,,,Unknown (unable to see),65,N,N,Y,Yes,50,70,55,75,4,2,,,,,,,,,,,,,,,,,,,,,,,upland,"white cedar, red cedar, ash, bitternut hickory",None apparent,,1749,collected by kylie,N,,white cedar,red cedar,ash,hickory,,,,,,1,0,0,0,1,1,0,0,1,0,0,0,0,0,0,0,0,0,0,0,0,0,0,0,0,0,0,0
238,3.722305017,,2.784313725,,,,8.074171139,,,,,6.600004588,,,0.8554216867,,,,,,,,,63.46704813,,,,,,,3.16091954,,,88.66418383,,,,44.88261,-73.3302,0,,30,Adult,25.2,Co-dominant,Alive,,,,,,,,Unknown (unable to see),70,N,Y,Y,Yes,80,85,75,85,4,2,,,,,,,,,,,,,,,,,,,,,,,upland,"red cedar, bitternut hickory, buckthorn, ash, elm",Vines on the tree,,3706,"epicormics dead, collected by catherine",N,,red cedar,hickory,buckthorn,ash,elm,,,,,1,0,0,0,1,0,0,1,1,1,0,0,0,0,0,0,0,0,0,0,0,0,0,0,0,0,0,0
582,,,,,,,,,,,1.661764706,5.937518038,,,,,,,,,,,,17.93894855,5.435294118,,,,,,,,,30.97352542,,,,44.8835,-73.3333,0,,15,Adult,4.5,Intermediate,Alive,,,,,,,,No,95,Y,N,Y,Yes,0,,20,45,1,1,,,,,,,,,,,,,,,,,,,NA,0,0,1,upland,"buckthorn, boxelder, red cedar, maple, ash",Other,red cedar,2305,collected by kylie ,Y,,buckthorn,boxelder,red cedar,maple,ash,,,,,0,0,0,0,1,0,0,1,1,0,0,0,0,0,0,0,0,1,1,0,0,0,0,0,0,0,0,0
587,,,7.406320245,,,,,,,,,3.482913253,,,,,,,,,,,,39.43610888,,,,,,,4.248927039,,,54.57426941,,,,44.88567,-73.3293,0,,45,Adult,37.5,Dominant,Alive,,,,,,,,Unknown (unable to see),100,N,N,Y,Yes,15,15,10,30,3,1.5,,,,,,,,,,,,,,,,,,,,,,,upland,"Buckthorn, red cedar, elm, ash",None apparent,,3924,collected by Kylie,N,,buckthorn,red cedar,elm,ash,,,,,,0,0,0,0,1,0,0,1,1,1,0,0,0,0,0,0,0,0,0,0,0,0,0,0,0,0,0,0
67a,,,7.683423149,,,,,,,,,,,,,,,,,,2.364942529,,,33.14615028,,,0.5393743258,,,,4.92516404,,,48.65905432,,,,4,5,6,7,8,9,10,11,12,13,14,15,16,17,18,19,20,21,22,23,24,25,26,27,28,29,30,31,32,33,34,35,36,37,38,39,40,41,42,43,44,45,46,47,48,49,50,51,52,53,54,55,56,57,58,59,60,61,62,63,64,65,66,67,68,69,70,71,72,73,74,75,76,77,78,79,80,81,82,83,84,85,86,87,88,89,90,91,92,93,94,95,96,97,98
Grand Total,39.99736067,213.4966116,337.9141394,174.4946884,1.289855072,1.736401674,108.0370449,33.11291459,29.15613896,9.153209031,6.720126249,84.39744637,314.3868296,1.466030989,0.8554216867,0.6778149387,12.33695652,4.951986213,25.35350516,7.006474146,14.73557148,1.146341463,3.066470588,2573.67081,7.0657289,4.856376094,43.50124662,5.357117117,152.4245573,20.03670901,407.4828632,1.320293399,2.957440476,4644.162482,,,,,,,,,,,,,,,,,,,,,,,,,,,,,,,,,,,,,,,,,,,,,,,,,,,,,,,,,,,,,,,,,,,,,,,,,,,,,,,,,,,,,,,,,,,,,,,,,,