"","response","email","date","site","initials","number","camera","first_photo","gps_n","gps_w","slope","aspect","height_ft","seedling_or_adult","dbh_cm","adult_crown_class","adult_dead_or_alive","dead_adult_base_epicormics","dead_adult_trunk_epicormics","dead_adult_canker_presence","dead_adult_canker_base","dead_adult_canker_1st9ft","dead_adult_canker_1stlivebranch","dead_adult_girdle","producing_seed","adult_percent_live_canopy","live_adult_base_epicormics","live_adult_trunk_epicormics","live_adult_canker_presence","live_adult_callus_presence","live_adult_canker_base","live_adult_canker_1st9ft","live_adult_canker_1stlivebranch","live_adult_girdle","live_adult_purdue_canker_rating","live_adult_purdue_canopy_ranking","densi_n","densi_e","densi_s","densi_w","basal_diameter_mm","seedling_damage","seedling_previous_stem_count","seedling_germ_yr","seedling_dead_or_alive","dead_seedling_canker_presence","seedling_percent_live_canopy","live_seedling_canker_presence","live_seedling_callus_presence","seedling_canker_base","seedling_canker_stem","seedling_girdle","seed_count","seed_bunch_size","terminal_bud","leaf_scar","lenticels","twig_hairs","riparian_or_upland","associate_trees","competition","other_competition","last_photo","notes","hybrid_visibility","Column.67","IGNORE.1","Ignore.2","ignore.3","ignore.4","ignore.5","ignore.6","ignore.7","ignore.8","Column.77","hickory","dogwood","black.walnut","white.pine","red.cedar","white.cedar","malus","buckthorn","ash","elm","mulberry","basswood","sumac","honeysuckle","elderberry","prunus","lilac","boxelder","maple","hackberry","butternut","oak","poplar","hazelnut","beech","gooseberry","spruce","birch","seedling_damage.1","Column.105","age_clark","soil_type"
"1",57,"kyliereroth@gmail.com","8/27/2025","CPVT","","28","kylie’s phone",7568,44.33208,-73.24714,1,"w",70.3,"Adult",53.3,"Intermediate","Alive","","","",NA,NA,NA,NA,"No",95,"N","Y","Y","Yes",15,0,0,0,1,1.5,NA,NA,NA,NA,NA,"",NA,NA,"","",NA,"","",NA,NA,NA,"","",NA,"","","","upland","ash, butternut, maple, hickory ","Other","adjacent trees",7577,"","N",NA,"ash","butternut","maple","hickory","","","","",NA,1,0,0,0,0,0,0,0,1,0,0,0,0,0,0,0,0,0,1,0,1,0,0,0,0,0,0,0,"","",1958.375,0
"2",56,"kyliereroth@gmail.com","8/27/2025","CPVT","","30","kylie’s phone",7557,44.3324,-73.24667,0,"",66.8,"Adult",42.5,"Intermediate","Alive","","","",NA,NA,NA,NA,"Yes",95,"N","Y","Y","Yes",10,5,5,1,1,2,NA,NA,NA,NA,NA,"",NA,NA,"","",NA,"","",NA,NA,NA,"Few - less than 50 seeds on the tree","5 or fewer",NA,"","","","upland","maple, hickory, sumac, ash, butternut","None apparent","",7566,"","N",NA,"maple","hickory","sumac","ash","butternut","","","",NA,1,0,0,0,0,0,0,0,1,0,0,0,1,0,0,0,0,0,1,0,1,0,0,0,0,0,0,0,"","",1971.875,0
"3",71,"kyliereroth@gmail.com","8/28/2025","CPVT","","31","kylie’s phone",7752,44.33262,-73.24793,1,"w",2.2,"Seedling",NA,"","","","","",NA,NA,NA,NA,"",NA,"","","","",NA,NA,NA,NA,NA,NA,96,96,94,96,14.8,"Deer browse",1,2021,"Alive","",80,"N","",NA,NA,NA,"","",0,"0","0","0","upland","ash, butternut","Nearby grasses or forbs","",7761,"clear signs of damage at base, Dale says this is not canker ","Y",NA,"ash","butternut","","","","","","",NA,0,0,0,0,0,0,0,0,1,0,0,0,0,0,0,0,0,0,0,0,1,0,0,0,0,0,0,0,"Deer browse","",2021,0
"4",72,"kyliereroth@gmail.com","8/28/2025","CPVT","","32","kylie’s phone",7762,44.33262,-73.24791,1,"w",1.6,"Seedling",NA,"","","","","",NA,NA,NA,NA,"",NA,"","","","",NA,NA,NA,NA,NA,NA,96,96,90,96,11.1,"",1,2022,"Alive","",90,"Y","N",25,0,25,"","",0,"0","0","0","upland","ash, butternut ","Nearby grasses or forbs","",7772,"","Y",NA,"ash","butternut","","","","","","",NA,0,0,0,0,0,0,0,0,1,0,0,0,0,0,0,0,0,0,0,0,1,0,0,0,0,0,0,0,"","",2022,0
"5",73,"kyliereroth@gmail.com","8/28/2025","CPVT","","33","kylie’s phone",7773,44.33248,-73.2481,1,"w",2.1,"Seedling",NA,"","","","","",NA,NA,NA,NA,"",NA,"","","","",NA,NA,NA,NA,NA,NA,96,90,93,96,9.8,"Deer browse",3,2021,"Alive","",70,"N","",NA,NA,NA,"","",0,"0","0","0","upland","ash, butternut","Nearby grasses or forbs","",7785,"second stem 9.2mm basal diameter","Y",NA,"ash","butternut","","","","","","",NA,0,0,0,0,0,0,0,0,1,0,0,0,0,0,0,0,0,0,0,0,1,0,0,0,0,0,0,0,"Deer browse","",2021,0
"6",75,"kyliereroth@gmail.com","8/28/2025","CPVT","","34","kylie’s phone",7797,44.3325,-73.24834,1,"w",1.6,"Seedling",NA,"","","","","",NA,NA,NA,NA,"",NA,"","","","",NA,NA,NA,NA,NA,NA,96,95,49,85,6.1,"Rabbit browse",1,2022,"Alive","",90,"N","",NA,NA,NA,"","",0,"0","0","0","upland","ash, butternut, sumac, maple","Nearby grasses or forbs","",7805,"","Y",NA,"ash","butternut","sumac","maple","","","","",NA,0,0,0,0,0,0,0,0,1,0,0,0,1,0,0,0,0,0,1,0,1,0,0,0,0,0,0,0,"Rabbit browse","",2022,0
"7",76,"kyliereroth@gmail.com","8/28/2025","CPVT","","35","kylie’s phone",7806,44.33247,-73.24842,1,"w",1.7,"Seedling",NA,"","","","","",NA,NA,NA,NA,"",NA,"","","","",NA,NA,NA,NA,NA,NA,96,96,91,96,8.7,"Deer browse",1,2022,"Alive","",90,"N","",NA,NA,NA,"","",0,"0","0","0","upland","ash, maple, butternut, sumac","Nearby grasses or forbs","",7818,"","Y",NA,"ash","maple","butternut","sumac","","","","",NA,0,0,0,0,0,0,0,0,1,0,0,0,1,0,0,0,0,0,1,0,1,0,0,0,0,0,0,0,"Deer browse","",2022,0
"8",74,"kyliereroth@gmail.com","8/28/2025","CPVT","","36","kylie’s phone",7786,44.33248,-73.24801,1,"w",36.9,"Adult",20.6,"Co-dominant","Alive","","","",NA,NA,NA,NA,"No",100,"N","N","Y","Yes",0,20,30,30,1.5,1,NA,NA,NA,NA,NA,"",NA,NA,"","",NA,"","",NA,NA,NA,"","",0,"0","0","1","upland","ash, butternut ","Vines on the tree","",7796,"","Y",NA,"ash","butternut","","","","","","",NA,0,0,0,0,0,0,0,0,1,0,0,0,0,0,0,0,0,0,0,0,1,0,0,0,0,0,0,0,"","",1999.25,0
"9",23,"kyliereroth@gmail.com","8/25/2025","CPVT","","37","Kylie’s phone",7144,44.33526,-73.24285,6,"w",54.3,"Adult",39.2,"Dominant","Alive","","","",NA,NA,NA,NA,"Yes",100,"N","N","Y","Yes",15,10,8,10,3,1,NA,NA,NA,NA,NA,"",NA,NA,"","",NA,"","",NA,NA,NA,"Lots - more than 50 seeds on the tree","5 or fewer",0,"0","0","0","upland","ash, butternut, red cedar, malus","Nearby shrubs","",7162,"","Y",NA,"ash","butternut","red cedar","malus","","","","",NA,0,0,0,0,1,0,1,0,1,0,0,0,0,0,0,0,0,0,0,0,1,0,0,0,0,0,0,0,"","",1976,0
"10",24,"kyliereroth@gmail.com","8/25/2025","CPVT","","38","kylie’s phone ",7163,44.33501,-73.24323,8,"NWW",79.7,"Adult",58.4,"Dominant","Alive","","","",NA,NA,NA,NA,"No",95,"N","N","Y","Yes",5,10,5,10,2,1.5,NA,NA,NA,NA,NA,"",NA,NA,"","",NA,"","",NA,NA,NA,"","",NA,"","","","upland","honeysuckle, red cedar, ash, malus","Nearby shrubs, Vines on the tree","",7173,"very hard to assess canker on the trunk due to the wetness of the bark making everything appear very dark ","N",NA,"honeysuckle","red cedar","ash","malus","","","","",NA,0,0,0,0,1,0,1,0,1,0,0,0,0,1,0,0,0,0,0,0,0,0,0,0,0,0,0,0,"","",1952,0
"11",31,"kyliereroth@gmail.com","8/26/2025","CPVT","","39","kylie’s phone",7245,44.33535,-73.24274,4,"w",2.2,"Seedling",NA,"","","","","",NA,NA,NA,NA,"",NA,"","","","",NA,NA,NA,NA,NA,NA,96,96,96,89,16,"Having been mowed in the past",2,2022,"Alive","",100,"Y","Y",5,3,30,"","",0,"0","0","0","upland","butternut, ash, red cedar","Nearby grasses or forbs, Vines on the tree","",7259,"has 2 main stems that are winding together","Y",NA,"butternut","ash","red cedar","","","","","",NA,0,0,0,0,1,0,0,0,1,0,0,0,0,0,0,0,0,0,0,0,1,0,0,0,0,0,0,0,"Having been mowed in the past","",2022,0
"12",16,"kyliereroth@gmail.com","8/25/2025","CPVT","","40","kylie’s phone",7064,44.33531,-73.24266,3,"w",2.3,"Seedling",NA,"","","","","",NA,NA,NA,NA,"",NA,"","","","",NA,NA,NA,NA,NA,NA,71,96,90,34,10,"Having been mowed in the past",2,2021,"Alive","",90,"Y","N",25,0,0,"","",NA,"","","","upland","ash, butternut, red cedar","Nearby grasses or forbs","",7073,"previous stem broken off from mower, not considered in canker analysis","N",NA,"ash","butternut","red cedar","","","","","",NA,0,0,0,0,1,0,0,0,1,0,0,0,0,0,0,0,0,0,0,0,1,0,0,0,0,0,0,0,"Having been mowed in the past","",2021,0
"13",18,"kyliereroth@gmail.com","8/25/2025","CPVT","","41","kylie’s phone",7089,44.3354,-73.24274,5,"w",3.8,"Seedling",NA,"","","","","",NA,NA,NA,NA,"",NA,"","","","",NA,NA,NA,NA,NA,NA,96,96,88,92,24,"Having been mowed in the past",4,2020,"Alive","",95,"Y","Y",50,1,5,"","",NA,"","","","riparian","ash, red cedar, butternut","Nearby grasses or forbs","",7100,"large stem that was mowed high so it has many dead sprouts off it. it has a large callousing section of damage at the base which could be canker or mechanical damage. ","N",NA,"ash","red cedar","butternut","","","","","",NA,0,0,0,0,1,0,0,0,1,0,0,0,0,0,0,0,0,0,0,0,1,0,0,0,0,0,0,0,"Having been mowed in the past","",2020,0
"14",19,"kyliereroth@gmail.com","8/25/2025","CPVT","","42","kylie’s phone ",7101,44.3354,-73.24271,5,"w",3,"Seedling",NA,"","","","","",NA,NA,NA,NA,"",NA,"","","","",NA,NA,NA,NA,NA,NA,96,96,96,96,20,"Having been mowed in the past",3,2021,"Alive","",90,"N","",NA,NA,NA,"","",NA,"","","","upland","ash, red cedar, butternut","Nearby grasses or forbs","",7110,"some mechanical damage, did not look like canker but unsure","N",NA,"ash","red cedar","butternut","","","","","",NA,0,0,0,0,1,0,0,0,1,0,0,0,0,0,0,0,0,0,0,0,1,0,0,0,0,0,0,0,"Having been mowed in the past","",2021,0
"15",22,"kyliereroth@gmail.com","8/25/2025","CPVT","","43","kylie’s phone",7135,44.33544,-73.24273,6,"w",3.5,"Seedling",NA,"","","","","",NA,NA,NA,NA,"",NA,"","","","",NA,NA,NA,NA,NA,NA,96,96,96,96,12,"Having been mowed in the past",1,2022,"Alive","",100,"Y","N",0,1,5,"","",0,"0","0","0","upland","red cedar, ash, butternut","Nearby grasses or forbs","",7143,"","Y",NA,"red cedar","ash","butternut","","","","","",NA,0,0,0,0,1,0,0,0,1,0,0,0,0,0,0,0,0,0,0,0,1,0,0,0,0,0,0,0,"Having been mowed in the past","",2022,0
"16",21,"kyliereroth@gmail.com","8/25/2025","CPVT","","44","kylie’s phone",7120,44.33544,-73.24269,4,"w",3.9,"Seedling",NA,"","","","","",NA,NA,NA,NA,"",NA,"","","","",NA,NA,NA,NA,NA,NA,96,96,96,96,12,"Having been mowed in the past",5,2021,"Alive","",95,"Y","N",0,1,8,"","",1,"0","0","0","upland","ash, red cedar, butternut","Nearby grasses or forbs, Other","grape vine adjacent, but not on tree yet",7134,"possible that the original terminal bud died back and the new one is interesting looking because it is still growing in","Y",NA,"ash","red cedar","butternut","","","","","",NA,0,0,0,0,1,0,0,0,1,0,0,0,0,0,0,0,0,0,0,0,1,0,0,0,0,0,0,0,"Having been mowed in the past","",2021,0
"17",30,"kyliereroth@gmail.com","8/26/2025","CPVT","","45","kylie’s phone",7232,44.33542,-73.24257,3,"w",2.1,"Seedling",NA,"","","","","",NA,NA,NA,NA,"",NA,"","","","",NA,NA,NA,NA,NA,NA,96,96,96,96,14,"Having been mowed in the past",3,2022,"Alive","",95,"Y","Y",0,3,35,"","",0,"0","0","0","upland","ash, red cedar, butternut","Nearby grasses or forbs","",7244,"2 major stems each with 2-3 off shoots, the second one has been mowed each time ","Y",NA,"ash","red cedar","butternut","","","","","",NA,0,0,0,0,1,0,0,0,1,0,0,0,0,0,0,0,0,0,0,0,1,0,0,0,0,0,0,0,"Having been mowed in the past","",2022,0
"18",11,"kyliereroth@gmail.com","8/25/2025","CPVT","","46","kylie’s phone ",7016,44.33515,-73.24262,2,"W",3.48,"Seedling",NA,"","","","","",NA,NA,NA,NA,"",NA,"","","","",NA,NA,NA,NA,NA,NA,96,96,96,96,12,"Having been mowed in the past",5,2022,"Alive","",100,"Y","N",0,1,2,"","",NA,"","","","upland","ash, maple, butternut","Nearby grasses or forbs","",7024,"this seedling has 4 live stems currently, and others that were killed by mowing in the past. we measured the largest/ tallest one. ","N",NA,"ash","maple","butternut","","","","","",NA,0,0,0,0,0,0,0,0,1,0,0,0,0,0,0,0,0,0,1,0,1,0,0,0,0,0,0,0,"Having been mowed in the past","",2022,0
"19",12,"kyliereroth@gmail.com","8/25/2025","CPVT","","47","kylie’s phone",7026,44.33515,-73.24251,2,"w",2.92,"Seedling",NA,"","","","","",NA,NA,NA,NA,"",NA,"","","","",NA,NA,NA,NA,NA,NA,96,96,96,96,9,"Having been mowed in the past",2,2019,"Alive","",100,"N","",NA,NA,NA,"","",NA,"","","","upland","ash, butternut, maple","Nearby grasses or forbs","",7032,"has 2 woody stems that were previously mowed, one is about half an inch in diameter estimating it to be at least 5 years old","N",NA,"ash","butternut","maple","","","","","",NA,0,0,0,0,0,0,0,0,1,0,0,0,0,0,0,0,0,0,1,0,1,0,0,0,0,0,0,0,"Having been mowed in the past","",2019,0
"20",13,"kyliereroth@gmail.com","5/25/2025","CPVT","","48","kylie’s phone",7033,44.33511,-73.24257,2,"w",3.68,"Seedling",NA,"","","","","",NA,NA,NA,NA,"",NA,"","","","",NA,NA,NA,NA,NA,NA,96,96,96,96,16,"Having been mowed in the past",6,2017,"Alive","",100,"Y","N",2,1,25,"","",NA,"","","","upland","butternut, maple, ash","Nearby grasses or forbs","",7042,"has a large mowed over root system indicating it to be several years old ","N",NA,"butternut","maple","ash","","","","","",NA,0,0,0,0,0,0,0,0,1,0,0,0,0,0,0,0,0,0,1,0,1,0,0,0,0,0,0,0,"Having been mowed in the past","",2017,0
"21",69,"kyliereroth@gmail.com","8/28/2025","CPVT","","49","kylie’s phone",7731,44.33248,-73.24766,0,"",30.3,"Adult",19.4,"Co-dominant","Alive","","","",NA,NA,NA,NA,"No",90,"N","N","Y","Yes",95,60,60,40,4,2.5,NA,NA,NA,NA,NA,"",NA,NA,"","",NA,"","",NA,NA,NA,"","",NA,"","","","upland","cherry, butternut, maple, ash","Nearby shrubs","",7740,"","N",NA,"prunus","butternut","maple","ash","","","","",NA,0,0,0,0,0,0,0,0,1,0,0,0,0,0,0,1,0,0,1,0,1,0,0,0,0,0,0,0,"","",2000.75,0
"22",70,"kyliereroth@gmail.com","8/28/2025","CPVT","","50","kylie’s phone",7741,44.33255,-73.2477,0,"",39.5,"Adult",39.5,"Co-dominant","Alive","","","",NA,NA,NA,NA,"No",30,"N","N","Y","Yes",96,75,70,60,5,4.5,NA,NA,NA,NA,NA,"",NA,NA,"","",NA,"","",NA,NA,NA,"","",NA,"","","","upland","ash, butternut, maple, cheery","Vines on the tree","",7751,"3 different kinds of vines on the tree","N",NA,"ash","butternut","maple","prunus","","","","",NA,0,0,0,0,0,0,0,0,1,0,0,0,0,0,0,1,0,0,1,0,1,0,0,0,0,0,0,0,"","",1975.625,0
"23",79,"kyliereroth@gmail.com","8/28/2025","CPVT","","51","kylie’s phone",7854,44.33242,-73.24874,2,"w",54.6,"Adult",26.1,"Co-dominant","Alive","","","",NA,NA,NA,NA,"No",90,"N","N","Y","Yes",50,50,45,45,4,1.5,NA,NA,NA,NA,NA,"",NA,NA,"","",NA,"","",NA,NA,NA,"","",NA,"","","","upland","cherry, maple, ash, butternut ","Vines on the tree","",7863,"","N",NA,"prunus","maple","ash","butternut","","","","",NA,0,0,0,0,0,0,0,0,1,0,0,0,0,0,0,1,0,0,1,0,1,0,0,0,0,0,0,0,"","",1992.375,0
"24",77,"kyliereroth@gmail.com","8/28/2025","CPVT","","52","kylie’s phone",7819,44.33237,-73.24869,2,"nw",56.9,"Adult",35.7,"Co-dominant","Alive","","","",NA,NA,NA,NA,"No",90,"N","Y","Y","Yes",50,25,20,40,3,1.5,NA,NA,NA,NA,NA,"",NA,NA,"","",NA,"","",NA,NA,NA,"","",NA,"","","","upland","cherry, maple, butternut, ash","Vines on the tree","",7833,"4 main stems, dbh of 3 smaller ones: 33.8, 27.2, 23.4 cm","N",NA,"prunus","maple","butternut","ash","","","","",NA,0,0,0,0,0,0,0,0,1,0,0,0,0,0,0,1,0,0,1,0,1,0,0,0,0,0,0,0,"","",1980.375,0
"25",80,"kyliereroth@gmail.com","8/28/2025","CPVT","","53","kylie’s phone",7864,44.33226,-73.24907,0,"",54.2,"Adult",30.9,"Co-dominant","Alive","","","",NA,NA,NA,NA,"No",20,"N","Y","Y","Yes",95,40,30,80,3,4,NA,NA,NA,NA,NA,"",NA,NA,"","",NA,"","",NA,NA,NA,"","",NA,"","","","upland","butternut, maple, ash","Vines on the tree","",7872,"","N",NA,"butternut","maple","ash","","","","","",NA,0,0,0,0,0,0,0,0,1,0,0,0,0,0,0,0,0,0,1,0,1,0,0,0,0,0,0,0,"","",1986.375,0
"26",81,"kyliereroth@gmail.com","8/28/2025","CPVT","","54","kylie’s phone",7874,44.33223,-73.24917,0,"",55,"Adult",30.1,"Intermediate","Alive","","","",NA,NA,NA,NA,"No",50,"N","Y","Y","Yes",60,35,20,35,2,3.5,NA,NA,NA,NA,NA,"",NA,NA,"","",NA,"","",NA,NA,NA,"","",NA,"","","","upland","ash, maple, butternut","Vines on the tree","",7885,"","N",NA,"ash","maple","butternut","","","","","",NA,0,0,0,0,0,0,0,0,1,0,0,0,0,0,0,0,0,0,1,0,1,0,0,0,0,0,0,0,"","",1987.375,0
"27",82,"kyliereroth@gmail.com","8/28/2025","CPVT","","55","kylie’s phone",7886,44.33234,-73.24904,0,"",57,"Adult",38.9,"Co-dominant","Alive","","","",NA,NA,NA,NA,"No",85,"N","Y","Y","Yes",85,50,35,65,4,2,NA,NA,NA,NA,NA,"",NA,NA,"","",NA,"","",NA,NA,NA,"","",NA,"","","","upland","ash, butternut, maple","Vines on the tree","",7896,"second main stem dbh 20.3 cm","N",NA,"ash","butternut","maple","","","","","",NA,0,0,0,0,0,0,0,0,1,0,0,0,0,0,0,0,0,0,1,0,1,0,0,0,0,0,0,0,"","",1976.375,0
"28",83,"kyliereroth@gmail.com","8/28/2025","CPVT","","56","kylie’s phone",7897,44.33251,-73.24914,1,"w",52.5,"Adult",37.2,"Co-dominant","Alive","","","",NA,NA,NA,NA,"No",15,"N","Y","Y","Yes",70,60,55,70,4,4.5,NA,NA,NA,NA,NA,"",NA,NA,"","",NA,"","",NA,NA,NA,"","",0,"0","0","0","upland","ash, butternut, maple","Vines on the tree","",7896,"","Y",NA,"ash","butternut","maple","","","","","",NA,0,0,0,0,0,0,0,0,1,0,0,0,0,0,0,0,0,0,1,0,1,0,0,0,0,0,0,0,"","",1978.5,0
"29",84,"kyliereroth@gmail.com","8/28/2025","CPVT","","57","kylie’s phone",7912,44.33251,-73.24913,0,"",53,"Adult",39.2,"Co-dominant","Alive","","","",NA,NA,NA,NA,"No",10,"N","Y","Y","Yes",65,50,70,60,4,5,NA,NA,NA,NA,NA,"",NA,NA,"","",NA,"","",NA,NA,NA,"","",NA,"","","","upland","ash, butternut, maple, red oak","Nearby shrubs, Vines on the tree","",7924,"","N",NA,"ash","butternut","maple","oak","","","","",NA,0,0,0,0,0,0,0,0,1,0,0,0,0,0,0,0,0,0,1,0,1,1,0,0,0,0,0,0,"","",1976,0
"30",50,"kyliereroth@gmail.com","8/27/2025","CPVT","","58","kylie’s phone",7473,44.33312,-73.24611,2,"w",50.2,"Adult",33,"Intermediate","Alive","","","",NA,NA,NA,NA,"No",95,"N","N","Y","Yes",90,60,50,60,3.5,1.5,NA,NA,NA,NA,NA,"",NA,NA,"","",NA,"","",NA,NA,NA,"","",0,"0","0","0","upland","butternut, ash, basswood, honeysuckle ","Vines on the tree","",7491,"3 main stems that split just above the base","Y",NA,"butternut","ash","basswood","honeysuckle","","","","",NA,0,0,0,0,0,0,0,0,1,0,0,1,0,1,0,0,0,0,0,0,1,0,0,0,0,0,0,0,"","",1983.75,0
"31",51,"kyliereroth@gmail.com","8/27/2025","CPVT","","59","kylie’s phone",7492,44.33334,-73.24599,0,"",61.5,"Adult",60,"Intermediate","Alive","","","",NA,NA,NA,NA,"No",90,"N","N","Y","Yes",15,10,10,25,1,2,NA,NA,NA,NA,NA,"",NA,NA,"","",NA,"","",NA,NA,NA,"","",NA,"","","","upland","ash, butternut, basswood, honeysuckle ","Vines on the tree","",7503,"","N",NA,"ash","butternut","basswood","honeysuckle","","","","",NA,0,0,0,0,0,0,0,0,1,0,0,1,0,1,0,0,0,0,0,0,1,0,0,0,0,0,0,0,"","",1950,0
"32",49,"kyliereroth@gmail.com","8/27/2025","CPVT","","60","kylie’s phone",7461,44.33332,-73.24626,2,"w",51.3,"Adult",48.5,"Intermediate","Alive","","","",NA,NA,NA,NA,"No",75,"N","Y","Y","Yes",95,50,40,50,3.5,2.5,NA,NA,NA,NA,NA,"",NA,NA,"","",NA,"","",NA,NA,NA,"","",NA,"","","","upland","basswood, sumac, ash, butternut, honeysuckle","Nearby grasses or forbs","",7472,"Jim has photos of leaves","N",NA,"basswood","sumac","ash","butternut","honeysuckle","","","",NA,0,0,0,0,0,0,0,0,1,0,0,1,1,1,0,0,0,0,0,0,1,0,0,0,0,0,0,0,"","",1964.375,0
"33",48,"kyliereroth@gmail.com","8/27/2025","CPVT","","61","kylie’s phone",7445,44.33,-73.24,1,"w",54.7,"Adult",58.6,"Intermediate","Alive","","","",NA,NA,NA,NA,"No",90,"N","N","Y","Yes",60,5,5,20,3,2,NA,NA,NA,NA,NA,"",NA,NA,"","",NA,"","",NA,NA,NA,"","",0,"0","0","0","upland","ash, butternut, basswood, sumac, ","Vines on the tree","",7460,"","Y",NA,"ash","butternut","basswood","sumac","","","","",NA,0,0,0,0,0,0,0,0,1,0,0,1,1,0,0,0,0,0,0,0,1,0,0,0,0,0,0,0,"","",1951.75,0
"34",25,"kyliereroth@gmail.com","8/25/2025","CPVT","","62","kylie’s phone",7174,44.33496,-73.24347,10,"w",84.5,"Adult",67.8,"Co-dominant","Alive","","","",NA,NA,NA,NA,"Yes",90,"N","N","Y","No",0,0,5,5,1.5,1.5,NA,NA,NA,NA,NA,"",NA,NA,"","",NA,"","",NA,NA,NA,"Lots - more than 50 seeds on the tree","5 or fewer",NA,"","","","upland","honeysuckle, red cedar, ash, hazelnut","Nearby shrubs, Vines on the tree","",7184,"hard to assess cankers due to wetness","N",NA,"honeysuckle","red cedar","ash","hazelnut","","","","",NA,0,0,0,0,1,0,0,0,1,0,0,0,0,1,0,0,0,0,0,0,0,0,0,1,0,0,0,0,"","",1940.25,0
"35",26,"kyliereroth@gmail.com","8/25/2025","CPVT","","63","kylie’s phone",7186,44.33485,-73.24362,15,"w",30.1,"Adult",36.8,"Dominant","Alive","","","",NA,NA,NA,NA,"No",20,"N","Y","Y","Yes",80,80,85,75,5,4,NA,NA,NA,NA,NA,"",NA,NA,"","",NA,"","",NA,NA,NA,"","",NA,"","","","upland","red cedar, maple, ash
, butternut buckthorn, basswood","Nearby shrubs, Vines on the tree","",7173,"","N",NA,"red cedar","maple","ash","butternut","basswood","buckthorn","","",NA,0,0,0,0,1,0,0,1,1,0,0,1,0,0,0,0,0,0,1,0,1,0,0,0,0,0,0,0,"","",1979,0
"36",20,"kyliereroth@gmail.com","8/25/2022","CPVT","","64","kylie’s phone",7111,44.33541,-73.24267,4,"w",3.7,"Seedling",NA,"","","","","",NA,NA,NA,NA,"",NA,"","","","",NA,NA,NA,NA,NA,NA,96,96,96,96,15,"Having been mowed in the past",2,2020,"Alive","",100,"Y","N",0,1,5,"","",NA,"","","","upland","red cedar, ash, butternut","Nearby grasses or forbs","",7119,"2 seedlings right next to each other that could be separate trees, we evaluated the larger (southeastern) one","N",NA,"red cedar","ash","butternut","","","","","",NA,0,0,0,0,1,0,0,0,1,0,0,0,0,0,0,0,0,0,0,0,1,0,0,0,0,0,0,0,"Having been mowed in the past","",2020,0
"37",17,"kyliereroth@gmail.com","8/25/2025","CPVT","","65","kylie’s phone",7074,44.33538,-73.24267,4,"w",3.8,"Seedling",NA,"","","","","",NA,NA,NA,NA,"",NA,"","","","",NA,NA,NA,NA,NA,NA,96,96,96,76,11,"Having been mowed in the past",10,2020,"Alive","",100,"Y","N",10,2,10,"","",NA,"","","","riparian","ash, butternut, red cedar ","Nearby grasses or forbs","",7088,"has multiple live stems, and many previously mowed dead stems, with a large apparent main stem or root","N",NA,"ash","butternut","red cedar","","","","","",NA,0,0,0,0,1,0,0,0,1,0,0,0,0,0,0,0,0,0,0,0,1,0,0,0,0,0,0,0,"Having been mowed in the past","",2020,0
"38",15,"kyliereroth@gmail.com","8/25/2025","CPVT","","66","kylie’s phone",7052,44.33534,-73.24262,4,"w",1.9,"Seedling",NA,"","","","","",NA,NA,NA,NA,"",NA,"","","","",NA,NA,NA,NA,NA,NA,96,96,96,96,10,"Having been mowed in the past, Rabbit browse",4,2020,"Alive","",100,"Y","N",0,1,3,"","",NA,"","","","upland","red cedar, butternut, ash","Nearby grasses or forbs","",7063,"","N",NA,"red cedar","butternut","ash","","","","","",NA,0,0,0,0,1,0,0,0,1,0,0,0,0,0,0,0,0,0,0,0,1,0,0,0,0,0,0,0,"Having been mowed in the past","Rabbit browse",2020,0
"39",14,"kyliereroth@gmail.com","8/25/2025","CPVT","","67","kylie’s phone",7043,44.33537,-73.24259,2,"w",1.3,"Seedling",NA,"","","","","",NA,NA,NA,NA,"",NA,"","","","",NA,NA,NA,NA,NA,NA,96,96,96,96,4,"",1,2023,"Alive","",100,"Y","N",0,1,25,"","",NA,"","","","upland","ash, butternut, red cedar","Nearby grasses or forbs","",7051,"","N",NA,"ash","butternut","red cedar","","","","","",NA,0,0,0,0,1,0,0,0,1,0,0,0,0,0,0,0,0,0,0,0,1,0,0,0,0,0,0,0,"","",2023,0
"40",29,"kyliereroth@gmail.com","8/26/2025","CPVT","","68","kylie’s phone",7222,44.33546,-73.24258,3,"w",1.8,"Seedling",NA,"","","","","",NA,NA,NA,NA,"",NA,"","","","",NA,NA,NA,NA,NA,NA,96,96,96,96,11,"Having been mowed in the past",1,2024,"Alive","",100,"N","",NA,NA,NA,"","",0,"0","0","0","upland","ash, butternut, red cedar","Nearby grasses or forbs","",7230,"","Y",NA,"ash","butternut","red cedar","","","","","",NA,0,0,0,0,1,0,0,0,1,0,0,0,0,0,0,0,0,0,0,0,1,0,0,0,0,0,0,0,"Having been mowed in the past","",2024,0
"41",32,"kyliereroth@gmail.com","8/26/2025","CPVT","","69","kylie’s phone",7260,44.33567,-73.24277,5,"w",4.4,"Seedling",NA,"","","","","",NA,NA,NA,NA,"",NA,"","","","",NA,NA,NA,NA,NA,NA,79,83,96,94,9.5,"Having been mowed in the past",2,2020,"Alive","",85,"Y","N",0,4,40,"","",0,"0","0","1","upland","ash, red cedar, butternut","Nearby grasses or forbs, Vines on the tree","",7273,"3 main stems, possible a much larger one that had been mowed. heavy grape vines surrounding base","Y",NA,"ash","red cedar","butternut","","","","","",NA,0,0,0,0,1,0,0,0,1,0,0,0,0,0,0,0,0,0,0,0,1,0,0,0,0,0,0,0,"Having been mowed in the past","",2020,0
"42",34,"kyliereroth@gmail.com","8/26/2025","CPVT","","70","kylie’s phone",7286,44.33582,-73.24281,3,"w",6.1,"Adult",1.3,"NA - no canopy","Alive","","","",NA,NA,NA,NA,"No",100,"Y","N","Y","NA - no large cankers present",0,1,2,10,1,1,NA,NA,NA,NA,NA,"",NA,NA,"","",NA,"","",NA,NA,NA,"","",0,"0","0","0","upland","red cedar, ash, butternut","Nearby grasses or forbs","",7302,"3 main stems and many more mowed down that look quite large ","Y",NA,"red cedar","ash","butternut","","","","","",NA,0,0,0,0,1,0,0,0,1,0,0,0,0,0,0,0,0,0,0,0,1,0,0,0,0,0,0,0,"","",2023.375,0
"43",35,"kyliereroth@gmail.com","8/26/2025","CPVT","","71","kylie’s phone",7303,44.33583,-73.24283,3,"w",3.9,"Seedling",NA,"","","","","",NA,NA,NA,NA,"",NA,"","","","",NA,NA,NA,NA,NA,NA,96,96,96,93,33,"Having been mowed in the past",3,2021,"Alive","",95,"Y","N",0,1,5,"","",0,"0","0","0","upland","ash, red cedar, butternut","Nearby grasses or forbs","",7311,"has a large base/ root ball situation with 2 dead stems and 1 live","Y",NA,"ash","red cedar","butternut","","","","","",NA,0,0,0,0,1,0,0,0,1,0,0,0,0,0,0,0,0,0,0,0,1,0,0,0,0,0,0,0,"Having been mowed in the past","",2021,0
"44",33,"kyliereroth@gmail.com","8/26/2025","CPVT","","72","kylie’s phone",7274,44.33571,-73.24277,3,"w",3.1,"Seedling",NA,"","","","","",NA,NA,NA,NA,"",NA,"","","","",NA,NA,NA,NA,NA,NA,83,95,62,37,18,"Having been mowed in the past",3,2022,"Alive","",95,"Y","N",5,1,5,"","",0,"0","0","0","upland","ash, red cedar, butternut","Nearby grasses or forbs","",7285,"2 main stems","Y",NA,"ash","red cedar","butternut","","","","","",NA,0,0,0,0,1,0,0,0,1,0,0,0,0,0,0,0,0,0,0,0,1,0,0,0,0,0,0,0,"Having been mowed in the past","",2022,0
"45",46,"kyliereroth@gmail.com","8/27/2025","CPVT","","73","kylie’s phone",7421,44.33292,-73.24612,5,"w",15.1,"Adult",7.3,"NA - no canopy","Alive","","","",NA,NA,NA,NA,"No",100,"N","N","N","",NA,NA,NA,NA,NA,NA,NA,NA,NA,NA,NA,"",NA,NA,"","",NA,"","",NA,NA,NA,"","",0,"0","0","0","upland","red cedar, ash, butternut","Nearby grasses or forbs","",7430,"has some dead twigs, but not obvious that it’s from canker and no other visible canker","Y",NA,"red cedar","ash","butternut","","","","","",NA,0,0,0,0,1,0,0,0,1,0,0,0,0,0,0,0,0,0,0,0,1,0,0,0,0,0,0,0,"","",2015.875,0
"46",47,"kyliereroth@gmail.com","8/27/2025","CPVT","","74","kylie’s phone",7431,44.3363,-73.24301,6,"w",21.2,"Adult",14.2,"Co-dominant","Alive","","","",NA,NA,NA,NA,"No",100,"N","N","Y","Yes",45,15,20,30,2.5,1,NA,NA,NA,NA,NA,"",NA,NA,"","",NA,"","",NA,NA,NA,"","",0,"0","0","0","upland","ash, butternut, red cedar","Nearby grasses or forbs","",7444,"","Y",NA,"ash","butternut","red cedar","","","","","",NA,0,0,0,0,1,0,0,0,1,0,0,0,0,0,0,0,0,0,0,0,1,0,0,0,0,0,0,0,"","",2007.25,0
"47",27,"kyliereroth@gmail.com","8/25/2025","CPVT","","75","kylie’s phone",7201,44.33492,-73.24645,2,"w",39,"Adult",11.4,"Co-dominant","Alive","","","",NA,NA,NA,NA,"No",100,"N","N","Y","No",8,5,7,20,1.5,1,NA,NA,NA,NA,NA,"",NA,NA,"","",NA,"","",NA,NA,NA,"","",NA,"","","","upland","maple, buckthorn, honeysuckle, beech, cherry, cedar, elm","Nearby shrubs","",7206,"","N",NA,"maple","buckthorn","honeysuckle","beech","prunus","cedar","elm","",NA,0,0,0,0,0,0,0,1,0,1,0,0,0,1,0,1,0,0,1,0,0,0,0,0,1,0,0,0,"","",2010.75,0
"48",28,"kyliereroth@gmail.com","8/25/2025","CPVT","","76","kylie’s phone",7201,44.33506,-73.24648,1,"w",19.5,"Adult",9.2,"Co-dominant","Alive","","","",NA,NA,NA,NA,"No",100,"N","N","Y","Yes",15,10,20,55,3,1,NA,NA,NA,NA,NA,"",NA,NA,"","",NA,"","",NA,NA,NA,"","",0,"0","0","0","upland","maple, cedar, elm, oak, poplar, hickory, buckthorn","Nearby shrubs","",7218,"","Y",NA,"maple","cedar","elm","oak","poplar","hickory","buckthorn","",NA,1,0,0,0,0,0,0,1,0,1,0,0,0,0,0,0,0,0,1,0,0,1,1,0,0,0,0,0,"","",2013.5,0
"49",41,"kyliereroth@gmail.com","8/26/2025","CPVT","","77","kylie’s phone",7362,44.3352,-73.24647,1,"w",3.4,"Seedling",NA,"","","","","",NA,NA,NA,NA,"",NA,"","","","",NA,NA,NA,NA,NA,NA,96,96,93,91,28,"Having been mowed in the past",1,2023,"Alive","",100,"Y","N",0,1,40,"","",0,"0","0","0","upland","ash, oak, maple, red cedar, basswood","Nearby grasses or forbs","",7374,"","Y",NA,"ash","oak","maple","red cedar","basswood","","","",NA,0,0,0,0,1,0,0,0,1,0,0,1,0,0,0,0,0,0,1,0,0,1,0,0,0,0,0,0,"Having been mowed in the past","",2023,0
"50",40,"kyliereroth@gmail.com","8/26/2025","CPVT","","78","kylie’s phone",7352,44.33521,-73.24646,1,"w",4.2,"Seedling",NA,"","","","","",NA,NA,NA,NA,"",NA,"","","","",NA,NA,NA,NA,NA,NA,96,96,92,91,24,"Deer browse, Having been mowed in the past",1,2022,"Alive","",100,"Y","N",0,1,10,"","",0,"0","0","0","upland","ash, maple, basswood, red cedar, oak","Nearby grasses or forbs","",7361,"","Y",NA,"ash","maple","basswood","red cedar","oak","","","",NA,0,0,0,0,1,0,0,0,1,0,0,1,0,0,0,0,0,0,1,0,0,1,0,0,0,0,0,0,"Deer browse","Having been mowed in the past",2022,0
"51",38,"kyliereroth@gmail.com","8/26/2025","CPVT","","79","kylie’s phone",7331,44.33526,-73.24638,1,"sw",1.7,"Seedling",NA,"","","","","",NA,NA,NA,NA,"",NA,"","","","",NA,NA,NA,NA,NA,NA,96,95,93,96,10,"Deer browse",0,2024,"Alive","",100,"Y","N",0,2,25,"","",0,"0","0","0","upland","ash, maple, red cedar, basswood","Nearby grasses or forbs","",7341,"","Y",NA,"ash","maple","red cedar","basswood","","","","",NA,0,0,0,0,1,0,0,0,1,0,0,1,0,0,0,0,0,0,1,0,0,0,0,0,0,0,0,0,"Deer browse","",2024,0
"52",39,"kyliereroth@gmail.com","8/26/2026","CPVT","","80","kylie’s phone",7342,44.33523,-73.24632,1,"w",2.3,"Seedling",NA,"","","","","",NA,NA,NA,NA,"",NA,"","","","",NA,NA,NA,NA,NA,NA,96,96,96,92,16,"",0,2024,"Alive","",100,"Y","N",4,0,5,"","",0,"0","0","0","upland","ash, maple, red cedar, basswood","Nearby grasses or forbs","",7351,"","Y",NA,"ash","maple","red cedar","basswood","","","","",NA,0,0,0,0,1,0,0,0,1,0,0,1,0,0,0,0,0,0,1,0,0,0,0,0,0,0,0,0,"","",2024,0
"53",37,"kyliereroth@gmail.com","8/26/2025","CPVT","","81","kylie’s phone",7321,44.33527,-73.24632,1,"SW",1.3,"Seedling",NA,"","","","","",NA,NA,NA,NA,"",NA,"","","","",NA,NA,NA,NA,NA,NA,96,95,89,96,8,"Vole (nibbling on the bark)",0,2024,"Alive","",100,"Y","Y",50,5,70,"","",0,"0","0","0","upland","ash, oak, basswood, red cedar","Nearby grasses or forbs","",7330,"","Y",NA,"ash","oak","basswood","red cedar","","","","",NA,0,0,0,0,1,0,0,0,1,0,0,1,0,0,0,0,0,0,0,0,0,1,0,0,0,0,0,0,"Vole (nibbling on the bark)","",2024,0
"54",36,"kyliereroth@gmail.com","8/26/2025","CPVT","","82","kylie’s phone",7312,44.3352,-73.24625,1,"SW",1.3,"Seedling",NA,"","","","","",NA,NA,NA,NA,"",NA,"","","","",NA,NA,NA,NA,NA,NA,96,58,47,96,8,"",0,2024,"Alive","",95,"Y","N",0,1,25,"","",0,"0","0","0","upland","basswood, red cedar, oak, ash","Nearby grasses or forbs, Nearby shrubs","",7032,"","Y",NA,"basswood","red cedar","oak","ash","","","","",NA,0,0,0,0,1,0,0,0,1,0,0,1,0,0,0,0,0,0,0,0,0,1,0,0,0,0,0,0,"","",2024,0
"55",42,"kyliereroth@gmail.com","8/26/2025","CPVT","","83","kylie’s phone",7375,44.33405,-73.24657,1,"w",4.2,"Seedling",NA,"","","","","",NA,NA,NA,NA,"",NA,"","","","",NA,NA,NA,NA,NA,NA,84,30,32,96,25,"",0,2023,"Alive","",100,"Y","N",0,1,5,"","",0,"0","0","0","upland","birch, basswood, ash, poplar, hickory, maple","Nearby grasses or forbs","",7385,"","Y",NA,"birch","basswood","ash","poplar","hickory","maple","","",NA,1,0,0,0,0,0,0,0,1,0,0,1,0,0,0,0,0,0,1,0,0,0,1,0,0,0,0,1,"","",2023,0
"56",43,"kyliereroth@gmail.com","8/26/2025","CPVT","","84","kylie’s phone",7386,44.33409,-73.24649,2,"w",2.7,"Seedling",NA,"","","","","",NA,NA,NA,NA,"",NA,"","","","",NA,NA,NA,NA,NA,NA,75,32,49,94,16,"",0,2024,"Alive","",95,"Y","N",10,2,20,"","",0,"0","0","0","upland","ash, maple, poplar, basswood, hickory, birch, butternut","Nearby grasses or forbs","",7378,"","Y",NA,"ash","maple","poplar","basswood","hickory","birch","butternut","",NA,1,0,0,0,0,0,0,0,1,0,0,1,0,0,0,0,0,0,1,0,1,0,1,0,0,0,0,1,"","",2024,0
"57",44,"kyliereroth@gmail.com","8/26/2025","CPVT","","85","kylie’s phone",7399,44.33296,-73.24611,1,"w",1.3,"Seedling",NA,"","","","","",NA,NA,NA,NA,"",NA,"","","","",NA,NA,NA,NA,NA,NA,80,67,63,43,10,"",0,2024,"Alive","",100,"Y","Y",40,0,50,"","",0,"0","0","0","upland","elm, butternut, ash, honeysuckle","Nearby grasses or forbs","",7406,"","Y",NA,"elm","butternut","ash","honeysuckle","","","","",NA,0,0,0,0,0,0,0,0,1,1,0,0,0,1,0,0,0,0,0,0,1,0,0,0,0,0,0,0,"","",2024,0
"58",45,"kyliereroth@gmail.com","8/26/2025","CPVT","","86","kylie’s phone",7407,44.33292,-73.24612,1,"w",1.6,"Seedling",NA,"","","","","",NA,NA,NA,NA,"",NA,"","","","",NA,NA,NA,NA,NA,NA,96,74,85,96,16,"",0,2024,"Alive","",85,"Y","Y",50,20,60,"","",0,"0","0","0","upland","ash, elm, butternut, honeysuckle ","Nearby grasses or forbs","",7420,"","Y",NA,"ash","elm","butternut","honeysuckle","","","","",NA,0,0,0,0,0,0,0,0,1,1,0,0,0,1,0,0,0,0,0,0,1,0,0,0,0,0,0,0,"","",2024,0
"59",54,"kyliereroth@gmail.com","8/27/2025","CPVT","","87","kylie’s phone",7525,44.33296,-73.24613,1,"w",8,"Adult",2.2,"NA - no canopy","Alive","","","",NA,NA,NA,NA,"No",80,"N","N","Y","No",55,3,5,25,1.5,2,NA,NA,NA,NA,NA,"",NA,NA,"","",NA,"","",NA,NA,NA,"","",0,"0","0","0","upland","butternut, elm, ash, maple","Nearby grasses or forbs","",7541,"one main stem and 4 others clustered ","Y",NA,"butternut","elm","ash","maple","","","","",NA,0,0,0,0,0,0,0,0,1,1,0,0,0,0,0,0,0,0,1,0,1,0,0,0,0,0,0,0,"","",2022.25,0
"60",55,"kyliereroth@gmail.com","8/27/2025","CPVT","","88","kylie’s phone",7542,44.33291,-73.24613,1,"w",13.1,"Adult",4.2,"NA - no canopy","Alive","","","",NA,NA,NA,NA,"No",90,"N","Y","Y","No",5,5,19,10,1,2,NA,NA,NA,NA,NA,"",NA,NA,"","",NA,"","",NA,NA,NA,"","",0,"0","0","0","upland","ash, butternut, elm, maple","Nearby grasses or forbs","",7556,"low split with 2 main branches","Y",NA,"ash","butternut","elm","maple","","","","",NA,0,0,0,0,0,0,0,0,1,1,0,0,0,0,0,0,0,0,1,0,1,0,0,0,0,0,0,0,"","",2019.75,0
"61",53,"kyliereroth@gmail.com","8/27/2025","CPVT","","89","kylie’s phone",7513,44.3328,-73.24609,2,"w",24.8,"Adult",14.5,"NA - no canopy","Alive","","","",NA,NA,NA,NA,"No",90,"N","N","Y","Yes",10,5,5,45,1,1,NA,NA,NA,NA,NA,"",NA,NA,"","",NA,"","",NA,NA,NA,"","",0,"0","0","0","upland","butternut, maple, ash, elm","Vines on the tree","",7524,"heavy grape vines","Y",NA,"butternut","maple","ash","elm","","","","",NA,0,0,0,0,0,0,0,0,1,1,0,0,0,0,0,0,0,0,1,0,1,0,0,0,0,0,0,0,"","",2006.875,0
"62",52,"kyliereroth@gmail.com","8/27/2025","CPVT","","90","kylie’s phone",7504,44.33261,-73.24601,1,"w",63.6,"Adult",51.3,"Intermediate","Alive","","","",NA,NA,NA,NA,"Yes",90,"N","N","Y","NA - no large cankers present",5,0,5,15,1,1.5,NA,NA,NA,NA,NA,"",NA,NA,"","",NA,"","",NA,NA,NA,"Few - less than 50 seeds on the tree","5 or fewer",NA,"","","","upland","maple, butternut, ash, ","Other","maple tree is competing heavily",7512,"we saw 1 seed","N",NA,"maple","butternut","ash","","","","","",NA,0,0,0,0,0,0,0,0,1,0,0,0,0,0,0,0,0,0,1,0,1,0,0,0,0,0,0,0,"","",1960.875,0
"63",60,"kyliereroth@gmail.com","8/27/2025","CPVT","","91","kylie’s phone",7606,44.33183,-73.24729,0,"",69.5,"Adult",33.2,"Intermediate","Alive","","","",NA,NA,NA,NA,"No",80,"N","Y","Y","Yes",65,20,35,55,3,2,NA,NA,NA,NA,NA,"",NA,NA,"","",NA,"","",NA,NA,NA,"","",NA,"","","","upland","butternut, maple, hickory, sumac","None apparent","",7605,"","N",NA,"butternut","maple","hickory","sumac","","","","",NA,1,0,0,0,0,0,0,0,0,0,0,0,1,0,0,0,0,0,1,0,1,0,0,0,0,0,0,0,"","",1983.5,0
"64",62,"kyliereroth@gmail.com","8/27/2025","CPVT","","92","Kylie’s phone",7631,44.33193,-73.24718,0,"",63.4,"Adult",46.5,"Intermediate","Alive","","","",NA,NA,NA,NA,"No",49,"N","Y","Y","Yes",65,40,55,50,3,3.5,NA,NA,NA,NA,NA,"",NA,NA,"","",NA,"","",NA,NA,NA,"","",NA,"","","","upland","maple, butternut, ash, sumac","Nearby shrubs","",7641,"branch on the ground that likely died/ fell this year with 1 aborted seed but we didn’t see any others","N",NA,"maple","butternut","ash","sumac","","","","",NA,0,0,0,0,0,0,0,0,1,0,0,0,1,0,0,0,0,0,1,0,1,0,0,0,0,0,0,0,"","",1966.875,0
"65",61,"kyliereroth@gmail.com","8/27/2025","CPVT","","93","Kylie’s phone",7620,44.33178,-73.24761,0,"",73.9,"Adult",38.5,"Intermediate","Alive","","","",NA,NA,NA,NA,"No",60,"N","N","Y","Yes",60,5,10,5,3,3,NA,NA,NA,NA,NA,"",NA,NA,"","",NA,"","",NA,NA,NA,"","",NA,"","","","upland","butternut, maple, ash, ","Other","competing with adjacent trees",7630,"","N",NA,"butternut","maple","ash","","","","","",NA,0,0,0,0,0,0,0,0,1,0,0,0,0,0,0,0,0,0,1,0,1,0,0,0,0,0,0,0,"","",1976.875,0
"66",63,"kyliereroth@gmail.com","8/27/2025","CPVT","","94","kylie’s phone",7642,44.33206,-73.24771,0,"",69.9,"Adult",39.9,"Intermediate","Alive","","","",NA,NA,NA,NA,"Yes",95,"N","N","Y","Yes",50,7,5,2,2,1,NA,NA,NA,NA,NA,"",NA,NA,"","",NA,"","",NA,NA,NA,"Few - less than 50 seeds on the tree","5 or fewer",NA,"","","","upland","hickory, maple, butternut, ash ","Other","adjacent trees",7651,"hard to see canopy","N",NA,"hickory","maple","butternut","ash","","","","",NA,1,0,0,0,0,0,0,0,1,0,0,0,0,0,0,0,0,0,1,0,1,0,0,0,0,0,0,0,"","",1975.125,0
"67",64,"kyliereroth@gmail.com","8/27/2025","CPVT","","95","kylie’s phone",7665,44.33207,-73.248,0,"",45,"Adult",38.4,"Intermediate","Alive","","","",NA,NA,NA,NA,"No",20,"N","Y","Y","Yes",90,70,80,50,4.5,4,NA,NA,NA,NA,NA,"",NA,NA,"","",NA,"","",NA,NA,NA,"","",0,"0","0","0","upland","butternut, maple, ash, hickory","Vines on the tree","",7675,"","Y",NA,"butternut","maple","ash","hickory","","","","",NA,1,0,0,0,0,0,0,0,1,0,0,0,0,0,0,0,0,0,1,0,1,0,0,0,0,0,0,0,"","",1977,0
"68",65,"kyliereroth@gmail.com","8/27/2025","CPVT","","96","kylie’s phone",7676,44.33191,-73.24882,0,"",65.3,"Adult",50.5,"Co-dominant","Alive","","","",NA,NA,NA,NA,"No",70,"N","Y","Y","Yes",75,40,45,50,3.5,3.5,NA,NA,NA,NA,NA,"",NA,NA,"","",NA,"","",NA,NA,NA,"","",NA,"","","","upland","","Vines on the tree","",7689,"","N",NA,"","","","","","","","",NA,0,0,0,0,0,0,0,0,0,0,0,0,0,0,0,0,0,0,0,0,0,0,0,0,0,0,0,0,"","",1961.875,0
"69",66,"kyliereroth@gmail.com","8/27/2025","CPVT","","97","kylie’s phone",7690,44.33193,-73.24885,2,"w",54.1,"Adult",25.6,"Co-dominant","Alive","","","",NA,NA,NA,NA,"No",65,"N","N","Y","Yes",15,20,25,25,2,2,NA,NA,NA,NA,NA,"",NA,NA,"","",NA,"","",NA,NA,NA,"","",NA,"","","","upland","ash, maple, butternut, hickory","Vines on the tree","",7699,"lots of vines","N",NA,"ash","maple","butternut","hickory","","","","",NA,1,0,0,0,0,0,0,0,1,0,0,0,0,0,0,0,0,0,1,0,1,0,0,0,0,0,0,0,"","",1993,0
"70",67,"kyliereroth@gmail.com","8/27/2025","CPVT","","98","kylie’s phone",7700,44.332,-73.24898,1,"w",65.2,"Adult",32,"Co-dominant","Alive","","","",NA,NA,NA,NA,"No",60,"N","Y","Y","Yes",25,30,50,15,3.5,2.5,NA,NA,NA,NA,NA,"",NA,NA,"","",NA,"","",NA,NA,NA,"","",0,"0","0","0","upland","butternut, maple, hickory, ash","Vines on the tree","",7718,"","Y",NA,"butternut","maple","hickory","ash","","","","",NA,1,0,0,0,0,0,0,0,1,0,0,0,0,0,0,0,0,0,1,0,1,0,0,0,0,0,0,0,"","",1985,0
"71",68,"kyliereroth@gmail.com","8/27/2025","CPVT","","99","kylie’s phone",7719,44.332,-73.24907,1,"w",65.2,"Adult",48.6,"Co-dominant","Alive","","","",NA,NA,NA,NA,"No",30,"N","Y","Y","Yes",40,30,40,20,2.5,3.5,NA,NA,NA,NA,NA,"",NA,NA,"","",NA,"","",NA,NA,NA,"","",NA,"","","","upland","butternut, ash, maple, hickory","Vines on the tree","",7730,"","N",NA,"butternut","ash","maple","hickory","","","","",NA,1,0,0,0,0,0,0,0,1,0,0,0,0,0,0,0,0,0,1,0,1,0,0,0,0,0,0,0,"","",1964.25,0
"72",59,"kyliereroth@gmail.com","8/27/2025","CPVT","","100","kylie’s phone",7593,44.33204,-73.24728,0,"",70,"Adult",44.2,"Intermediate","Alive","","","",NA,NA,NA,NA,"No",80,"N","N","Y","Yes",70,60,60,50,4,2,NA,NA,NA,NA,NA,"",NA,NA,"","",NA,"","",NA,NA,NA,"","",NA,"","","","upland","ash, butternut, hickory, elm, maple","Vines on the tree","",7605,"","N",NA,"ash","butternut","hickory","elm","maple","","","",NA,1,0,0,0,0,0,0,0,1,1,0,0,0,0,0,0,0,0,1,0,1,0,0,0,0,0,0,0,"","",1969.75,0
"73",78,"kyliereroth@gmail.com","8/28/2025","CPVT","","101","kylie’s phone",7834,44.33226,-73.24868,1,"w",61.1,"Adult",30.7,"Co-dominant","Alive","","","",NA,NA,NA,NA,"No",60,"N","Y","Y","Yes",60,40,30,50,3,3,NA,NA,NA,NA,NA,"",NA,NA,"","",NA,"","",NA,NA,NA,"","",0,"0","0","0","upland","butternut, cherry, ash, maple","Vines on the tree","",7853,"2 main stems, second dbh 30.2","Y",NA,"butternut","prunus","ash","maple","","","","",NA,0,0,0,0,0,0,0,0,1,0,0,0,0,0,0,1,0,0,1,0,1,0,0,0,0,0,0,0,"","",1986.625,0
"74",307,"kyliereroth@gmail.com","9/24/2025","CPVT","BU","102","SonyHX90V",4437,44.332292,-73.241443,2,"W",42.8,"Adult",27.7,"Co-dominant","Alive","","","",NA,NA,NA,NA,"No",90,"N","N","Y","NA - no large cankers present",20,NA,5,20,1.5,1,NA,NA,NA,NA,NA,"",NA,NA,"","",NA,"","",NA,NA,NA,"","",NA,"","","","upland","ash, honey suckle, buckthorn","Nearby shrubs","",4444,"","N",NA,"ash","honeysuckle","buckthorn","","","","","",NA,0,0,0,0,0,0,0,1,1,0,0,0,0,1,0,0,0,0,0,0,0,0,0,0,0,0,0,0,"","",1990.375,0
"75",308,"kyliereroth@gmail.com","9/24/2025","CPVT","bu","103","SonyHX90V",4445,44.332272,-73.241714,0,"W",44.9,"Adult",40.9,"Co-dominant","Alive","","","",NA,NA,NA,NA,"No",75,"N","N","Y","Yes",40,5,5,35,1.5,3,NA,NA,NA,NA,NA,"",NA,NA,"","",NA,"","",NA,NA,NA,"","",NA,"","","","upland","ash, hickory ","Nearby shrubs, Vines on the tree","",4457,"","N",NA,"ash","hickory","","","","","","",NA,1,0,0,0,0,0,0,0,1,0,0,0,0,0,0,0,0,0,0,0,0,0,0,0,0,0,0,0,"","",1973.875,0
"76",309,"kyliereroth@gmail.com","9/24/2025","CPVT","BU","104","SonyHX90V",4458,44.331616,-73.240994,1,"W",34.1,"Adult",24.3,"Dominant","Alive","","","",NA,NA,NA,NA,"Yes",100,"N","N","Y","NA - no large cankers present",5,NA,0,0,1,1,NA,NA,NA,NA,NA,"",NA,NA,"","",NA,"","",NA,NA,NA,"Few - less than 50 seeds on the tree","5 or fewer",NA,"","","","upland","dogwood hickory ","Nearby shrubs, Vines on the tree","",4464,"behind park bench","N",NA,"dogwood","hickory","","","","","","",NA,1,1,0,0,0,0,0,0,0,0,0,0,0,0,0,0,0,0,0,0,0,0,0,0,0,0,0,0,"","",1994.625,0
"77",310,"kyliereroth@gmail.com","9/24/2025","CPVT","BU","105","SonyHX90V",4465,44.331571,-73.242144,5,"W",37.2,"Adult",33.7,"Dominant","Alive","","","",NA,NA,NA,NA,"Yes",65,"N","N","Y","Yes",40,NA,5,30,2,2.5,NA,NA,NA,NA,NA,"",NA,NA,"","",NA,"","",NA,NA,NA,"Lots - more than 50 seeds on the tree","5 or fewer",NA,"","","","upland","ash butternut","Nearby grasses or forbs","",4480,"","N",NA,"ash","butternut","","","","","","",NA,0,0,0,0,0,0,0,0,1,0,0,0,0,0,0,0,0,0,0,0,1,0,0,0,0,0,0,0,"","",1982.875,0
"78",311,"kyliereroth@gmail.com","9/24/0025","CPVT","Bu","106","SonyHX90V",4481,44.331648,-73.242176,5,"W",31.2,"Adult",17.1,"Dominant","Alive","","","",NA,NA,NA,NA,"No",75,"N","N","Y","NA - no large cankers present",45,NA,1,45,1.5,2,NA,NA,NA,NA,NA,"",NA,NA,"","",NA,"","",NA,NA,NA,"","",NA,"","","","upland","basswood butternut","Nearby grasses or forbs","",4491,"9.9, 14.5 are dbh of other 2 stems - likely all sprouts from a previous dead tree. assessed largest one.crown mostly yellow from fall senescence","N",NA,"basswood","butternut","","","","","","",NA,0,0,0,0,0,0,0,0,0,0,0,1,0,0,0,0,0,0,0,0,1,0,0,0,0,0,0,0,"","",2003.625,0
"79",312,"kyliereroth@gmail.com","9/24/2025","CPVT","bu","107","SonyHX90V",4492,44.331625,-73.242205,5,"W",31.2,"Adult",14.6,"Intermediate","Alive","","","",NA,NA,NA,NA,"Yes",50,"N","Y","Y","Yes",75,30,35,60,3.5,4,NA,NA,NA,NA,NA,"",NA,NA,"","",NA,"","",NA,NA,NA,"Few - less than 50 seeds on the tree","5 or fewer",NA,"","","","upland","butterbut sumac cherry ash","Nearby grasses or forbs","",4499,"","N",NA,"butternut","sumac","prunus","ash","","","","",NA,0,0,0,0,0,0,0,0,1,0,0,0,1,0,0,1,0,0,0,0,1,0,0,0,0,0,0,0,"","",2006.75,0
"80",313,"kyliereroth@gmail.com","9/24/2025","CPVT","Bu","108","SonyHX90V",4500,44.331784,-73.242083,5,"W",49.4,"Adult",26.4,"Dominant","Alive","","","",NA,NA,NA,NA,"Unknown (unable to see)",75,"N","N","Y","Yes",30,2,2,30,1.5,2,NA,NA,NA,NA,NA,"",NA,NA,"","",NA,"","",NA,NA,NA,"","",NA,"","","","upland","Butternut ash basswood ","Nearby grasses or forbs","",4508,"","N",NA,"butternut","ash","basswood","","","","","",NA,0,0,0,0,0,0,0,0,1,0,0,1,0,0,0,0,0,0,0,0,1,0,0,0,0,0,0,0,"","",1992,0
"81",314,"kyliereroth@gmail.com","9/24/2025","CPVT","Bu","109","SonyHX90V",4509,44.331775,-73.242197,5,"W",38.2,"Adult",25.1,"Co-dominant","Alive","","","",NA,NA,NA,NA,"No",75,"N","Y","Y","Yes",60,NA,10,65,2.5,2.5,NA,NA,NA,NA,NA,"",NA,NA,"","",NA,"","",NA,NA,NA,"","",NA,"","","","upland","ash butternut ","Nearby grasses or forbs","",4528,"23.5 is other dbh. these are likely joined below ground- weird wandering trunk!","N",NA,"ash","butternut","","","","","","",NA,0,0,0,0,0,0,0,0,1,0,0,0,0,0,0,0,0,0,0,0,1,0,0,0,0,0,0,0,"","",1993.625,0
"82",315,"pikesipoo@gmail.com","9/24/2025","CPVT","Bu","110","SonyHX90V",4529,44.331642,-73.242573,5,"W",30.9,"Adult",26.4,"Dominant","Alive","","","",NA,NA,NA,NA,"No",50,"N","Y","Y","Yes",90,NA,65,75,4,4,NA,NA,NA,NA,NA,"",NA,NA,"","",NA,"","",NA,NA,NA,"","",NA,"","","","upland","Ash butternut hickory birch ","Nearby grasses or forbs, Nearby shrubs","",4538,"16.8 is dbh of other stem. These split about 1 ft above ground","N",NA,"ash","butternut","hickory","birch","","","","",NA,1,0,0,0,0,0,0,0,1,0,0,0,0,0,0,0,0,0,0,0,1,0,0,0,0,0,0,1,"","",1992,0
"83",316,"pikesipoo@gmail.com","9/24/2025","CPVT","Bu","111","SonyHX90V",4539,44.331601,-73.242457,5,"W",36.5,"Adult",28.9,"Dominant","Alive","","","",NA,NA,NA,NA,"No",75,"N","Y","Y","Yes",70,15,8,55,2.5,2.5,NA,NA,NA,NA,NA,"",NA,NA,"","",NA,"","",NA,NA,NA,"","",NA,"","","","upland","Butternut ash oak","Nearby grasses or forbs, Nearby shrubs","",4550,"3 stems total. Other dbh are 27.8 and 23.6.","N",NA,"butternut","ash","oak","","","","","",NA,0,0,0,0,0,0,0,0,1,0,0,0,0,0,0,0,0,0,0,0,1,1,0,0,0,0,0,0,"","",1988.875,0
"84",317,"pikesipoo@gmail.com","9/24/2025","CPVT","Bu","112","SonyHX90V",4551,44.33168,-73.242682,7,"W",42.4,"Adult",19.3,"Co-dominant","Alive","","","",NA,NA,NA,NA,"No",75,"N","Y","Y","Yes",40,20,20,40,2.5,2.5,NA,NA,NA,NA,NA,"",NA,NA,"","",NA,"","",NA,NA,NA,"","",NA,"","","","upland","Basswood ash hickory birch ","Nearby shrubs","",4559,"Other dbh 18.0. These split below ground.","N",NA,"basswood","ash","hickory","birch","","","","",NA,1,0,0,0,0,0,0,0,1,0,0,1,0,0,0,0,0,0,0,0,0,0,0,0,0,0,0,1,"","",2000.875,0
"85",318,"pikesipoo@gmail.com","9/24/2025","CPVT","Bu","113","SonyHX90V",4560,44.331629,-73.242802,5,"W",28,"Adult",9.3,"Suppressed","Alive","","","",NA,NA,NA,NA,"No",50,"N","N","Y","Yes",50,20,20,55,3.5,4,NA,NA,NA,NA,NA,"",NA,NA,"","",NA,"","",NA,NA,NA,"","",NA,"","","","upland","Hickory basswood birch butternut","Nearby grasses or forbs","",4566,"","N",NA,"hickory","basswood","birch","butternut","","","","",NA,1,0,0,0,0,0,0,0,0,0,0,1,0,0,0,0,0,0,0,0,1,0,0,0,0,0,0,1,"","",2013.375,0
"86",319,"pikesipoo@gmail.com","9/24/2025","CPVT","Bu","114","SonyHX90V",4567,44.331497,-73.242857,10,"W",44.9,"Adult",36.4,"Dominant","Alive","","","",NA,NA,NA,NA,"No",75,"N","Y","Y","Yes",40,NA,3,35,2,2.5,NA,NA,NA,NA,NA,"",NA,NA,"","",NA,"","",NA,NA,NA,"","",NA,"","","","upland","Butternut ash hickory ","Nearby grasses or forbs","",4574,"","N",NA,"butternut","ash","hickory","","","","","",NA,1,0,0,0,0,0,0,0,1,0,0,0,0,0,0,0,0,0,0,0,1,0,0,0,0,0,0,0,"","",1979.5,0
"87",320,"pikesipoo@gmail.com","9/24/2025","CPVT","Bu","115","SonyHX90V",4575,44.331501,-73.242948,10,"W",34.9,"Adult",28.2,"Dominant","Alive","","","",NA,NA,NA,NA,"No",85,"N","Y","Y","Yes",60,NA,60,65,4,2.5,NA,NA,NA,NA,NA,"",NA,NA,"","",NA,"","",NA,NA,NA,"","",NA,"","","","upland","Butternut ash","Nearby grasses or forbs, Vines on the tree","",4585,"","N",NA,"butternut","ash","","","","","","",NA,0,0,0,0,0,0,0,0,1,0,0,0,0,0,0,0,0,0,0,0,1,0,0,0,0,0,0,0,"","",1989.75,0
"88",321,"pikesipoo@gmail.com","9/24/2025","CPVT","Bu","116","SonyHX90V",4586,44.331251,-73.242839,10,"W",42,"Adult",31,"Dominant","Alive","","","",NA,NA,NA,NA,"No",85,"N","Y","Y","Yes",35,8,8,25,2.5,2,NA,NA,NA,NA,NA,"",NA,NA,"","",NA,"","",NA,NA,NA,"","",NA,"","","","upland","Butternut ","Nearby grasses or forbs","",4593,"","N",NA,"butternut","","","","","","","",NA,0,0,0,0,0,0,0,0,0,0,0,0,0,0,0,0,0,0,0,0,1,0,0,0,0,0,0,0,"","",1986.25,0
"89",322,"pikesipoo@gmail.com","9/24/2025","CPVT","Bu","117","SonyHX90V",4607,44.330988,-73.242857,10,"W",41,"Adult",48.4,"Dominant","Alive","","","",NA,NA,NA,NA,"No",90,"N","Y","Y","Yes",35,NA,10,30,2,1.5,NA,NA,NA,NA,NA,"",NA,NA,"","",NA,"","",NA,NA,NA,"","",0,"0","0","0","upland","Butternut ","Nearby shrubs, Vines on the tree","",4602,"","N",NA,"butternut","","","","","","","",NA,0,0,0,0,0,0,0,0,0,0,0,0,0,0,0,0,0,0,0,0,1,0,0,0,0,0,0,0,"","",1964.5,0
"90",323,"pikesipoo@gmail.com","9/24/2025","CPVT","Bu","118","SonyHX90V",4608,44.330896,-73.242835,10,"W",35,"Adult",27.1,"Dominant","Alive","","","",NA,NA,NA,NA,"No",85,"N","Y","Y","Yes",50,25,30,70,3,2,NA,NA,NA,NA,NA,"",NA,NA,"","",NA,"","",NA,NA,NA,"","",0,"1","0","0","upland","Butternut ash","Nearby grasses or forbs, Vines on the tree","",4624,"","Y",NA,"butternut","ash","","","","","","",NA,0,0,0,0,0,0,0,0,1,0,0,0,0,0,0,0,0,0,0,0,1,0,0,0,0,0,0,0,"","",1991.125,0
"91",347,"kyliereroth@gmail.com","9/25/2025","CPVT","bu","119","SonyHX90V",4625,44.33186,-73.24187,5,"W",25.3,"Adult",10.9,"Dominant","Alive","","","",NA,NA,NA,NA,"Unknown (unable to see)",0,"N","N","Y","Yes",75,NA,30,50,3,2,NA,NA,NA,NA,NA,"",NA,NA,"","",NA,"","",NA,NA,NA,"","",NA,"","","","upland","basswood sumac elm","Nearby grasses or forbs","",4633,"no leaves due to  regular senescence so dieback is not known ","N",NA,"basswood","sumac","elm","","","","","",NA,0,0,0,0,0,0,0,0,0,1,0,1,1,0,0,0,0,0,0,0,0,0,0,0,0,0,0,0,"","",2011.375,0
"92",348,"kyliereroth@gmail.com","9/26/2025","CPVT","bu","120","SonyHX90V",4634,44.33075,-73.24276,5,"W",38,"Adult",32,"Dominant","Alive","","","",NA,NA,NA,NA,"No",65,"N","Y","Y","Yes",40,NA,20,50,3,2,NA,NA,NA,NA,NA,"",NA,NA,"","",NA,"","",NA,NA,NA,"","",NA,"","","","upland","butternut ","Nearby grasses or forbs","",4650,"dark grey bark","N",NA,"butternut","","","","","","","",NA,0,0,0,0,0,0,0,0,0,0,0,0,0,0,0,0,0,0,0,0,1,0,0,0,0,0,0,0,"","",1985,0
"93",349,"kyliereroth@gmail.com","9/26/2025","CPVT","bu","121","SonyHX90V",4651,44.33075,-73.24272,5,"W",44.8,"Adult",53.8,"Dominant","Alive","","","",NA,NA,NA,NA,"No",50,"N","Y","Y","Yes",45,20,15,50,3,3,NA,NA,NA,NA,NA,"",NA,NA,"","",NA,"","",NA,NA,NA,"","",0,"0","0","0","upland","butternut ash","Nearby grasses or forbs, Nearby shrubs","",4667,"","Y",NA,"butternut","ash","","","","","","",NA,0,0,0,0,0,0,0,0,1,0,0,0,0,0,0,0,0,0,0,0,1,0,0,0,0,0,0,0,"","",1957.75,0
"94",350,"kyliereroth@gmail.com","9/26/2025","CPVT","bu","122","SonyHX90V",4668,44.33058,-73.24278,5,"W",43.6,"Adult",55,"Dominant","Alive","","","",NA,NA,NA,NA,"No",50,"N","Y","Y","Yes",25,NA,15,15,2,3,NA,NA,NA,NA,NA,"",NA,NA,"","",NA,"","",NA,NA,NA,"","",0,"0","0","1","upland","butternut ash","Nearby grasses or forbs, Vines on the tree","",4680,"live crown my be underestimated by natural senescence ","Y",NA,"butternut","ash","","","","","","",NA,0,0,0,0,0,0,0,0,1,0,0,0,0,0,0,0,0,0,0,0,1,0,0,0,0,0,0,0,"","",1956.25,0
"95",351,"kyliereroth@gmail.com","9/26/2025","CPVT","bu","123","SonyHX90V",4681,44.33027,-73.24258,5,"W",47.8,"Adult",59.9,"Dominant","Alive","","","",NA,NA,NA,NA,"No",85,"N","Y","Y","Yes",10,10,10,5,1.5,2,NA,NA,NA,NA,NA,"",NA,NA,"","",NA,"","",NA,NA,NA,"","",0,"0","0","0","upland","butternut ash","Nearby grasses or forbs","",4694,"dark bark","Y",NA,"butternut","ash","","","","","","",NA,0,0,0,0,0,0,0,0,1,0,0,0,0,0,0,0,0,0,0,0,1,0,0,0,0,0,0,0,"","",1950.125,0
"96",352,"kyliereroth@gmail.com","9/26/2025","CPVT","bu","124","SonyHX90V",4695,44.33086,-73.24354,10,"W",55,"Adult",70.9,"Co-dominant","Alive","","","",NA,NA,NA,NA,"No",75,"N","Y","Y","Yes",15,7,5,5,1.5,2,NA,NA,NA,NA,NA,"",NA,NA,"","",NA,"","",NA,NA,NA,"","",0,"0","0","0","upland","ash butternut","Nearby grasses or forbs","",4710,"dark grey bark good looking tree","Y",NA,"ash","butternut","","","","","","",NA,0,0,0,0,0,0,0,0,1,0,0,0,0,0,0,0,0,0,0,0,1,0,0,0,0,0,0,0,"","",1936.375,0
"97",353,"kyliereroth@gmail.com","9/26/2025","CPVT","bu","125","SonyHX90V",4711,44.33086,-73.24336,10,"NW",54,"Adult",41.7,"Co-dominant","Alive","","","",NA,NA,NA,NA,"No",65,"N","Y","Y","Yes",10,2,2,5,1,2,NA,NA,NA,NA,NA,"",NA,NA,"","",NA,"","",NA,NA,NA,"","",NA,"","","","upland","butternut ash","Nearby grasses or forbs, Vines on the tree","",4718,"live crown may be underestimated because of natural senescence ","N",NA,"butternut","ash","","","","","","",NA,0,0,0,0,0,0,0,0,1,0,0,0,0,0,0,0,0,0,0,0,1,0,0,0,0,0,0,0,"","",1972.875,0
"98",354,"kyliereroth@gmail.com","9/26/2025","CPVT","bu","126","SonyHX90V",4719,44.33104,-73.24474,3,"NW",45,"Adult",26.3,"Suppressed","Alive","","","",NA,NA,NA,NA,"No",75,"N","Y","Y","Yes",10,5,5,4,1.5,2,NA,NA,NA,NA,NA,"",NA,NA,"","",NA,"","",NA,NA,NA,"","",NA,"","","","upland","ash butternut basswood ","Nearby grasses or forbs, Vines on the tree","",4729,"adjacent to ash","N",NA,"ash","butternut","basswood","","","","","",NA,0,0,0,0,0,0,0,0,1,0,0,1,0,0,0,0,0,0,0,0,1,0,0,0,0,0,0,0,"","",1992.125,0
"99",355,"kyliereroth@gmail.com","9/26/2025","CPVT","bu","127","SonyHX90V",4730,44.331,-73.24455,2,"NW",23.5,"Adult",23.8,"Co-dominant","Alive","","","",NA,NA,NA,NA,"No",10,"N","Y","Y","Yes",80,10,12,75,2.5,5,NA,NA,NA,NA,NA,"",NA,NA,"","",NA,"","",NA,NA,NA,"","",0,"0","0","0","upland","ash elm ","Nearby grasses or forbs, Nearby shrubs, Vines on the tree","",4744,"primary canker at base but few cankers on the rest of the crown even though it has severe dieback","Y",NA,"ash","elm","","","","","","",NA,0,0,0,0,0,0,0,0,1,1,0,0,0,0,0,0,0,0,0,0,0,0,0,0,0,0,0,0,"","",1995.25,0
"100",356,"kyliereroth@gmail.com","9/26/2025","CPVT","bu","128","SonyHX90V",4745,44.33132,-73.2447,2,"NW",28,"Adult",22.7,"Co-dominant","Alive","","","",NA,NA,NA,NA,"No",10,"N","Y","Y","Yes",65,15,15,70,3,5,NA,NA,NA,NA,NA,"",NA,NA,"","",NA,"","",NA,NA,NA,"","",NA,"","","","upland","butternut ash maple oak","Nearby shrubs, Vines on the tree","",4755,"ht assessed to top live branch","N",NA,"butternut","ash","maple","oak","","","","",NA,0,0,0,0,0,0,0,0,1,0,0,0,0,0,0,0,0,0,1,0,1,1,0,0,0,0,0,0,"","",1996.625,0
"101",357,"kyliereroth@gmail.com","9/26/2025","CPVT","bu","129","SonyHX90V",4756,44.33129,-73.24474,5,"NEW",49,"Adult",33.2,"Intermediate","Alive","","","",NA,NA,NA,NA,"No",10,"N","Y","Y","Yes",85,3,10,75,3,5,NA,NA,NA,NA,NA,"",NA,NA,"","",NA,"","",NA,NA,NA,"","",NA,"","","","upland","hickory butternut ash basswood ","Nearby grasses or forbs, Vines on the tree","",4770,"","N",NA,"hickory","butternut","ash","basswood","","","","",NA,1,0,0,0,0,0,0,0,1,0,0,1,0,0,0,0,0,0,0,0,1,0,0,0,0,0,0,0,"","",1983.5,0
"102",358,"kyliereroth@gmail.com","9/26/2025","CPVT","bu","130","SonyHX90V",4771,44.33134,-73.24451,5,"NW",38,"Adult",23.8,"Dominant","Alive","","","",NA,NA,NA,NA,"No",50,"N","Y","Y","Yes",40,50,50,50,4,3.5,NA,NA,NA,NA,NA,"",NA,NA,"","",NA,"","",NA,NA,NA,"","",0,"1","0","Unsure","upland","hickory butternut ash","Nearby grasses or forbs, Nearby shrubs, Vines on the tree","",4785,"lots of long cankers across the bole and crown","Y",NA,"hickory","butternut","ash","","","","","",NA,1,0,0,0,0,0,0,0,1,0,0,0,0,0,0,0,0,0,0,0,1,0,0,0,0,0,0,0,"","",1995.25,0
"103",359,"kyliereroth@gmail.com","9/26/2025","CPVT","bu","131","SonyHX90V",4799,44.33135,-73.24446,2,"NE",39,"Adult",27.8,"Co-dominant","Alive","","","",NA,NA,NA,NA,"No",50,"N","Y","Y","Yes",20,5,15,15,2.5,3.5,NA,NA,NA,NA,NA,"",NA,NA,"","",NA,"","",NA,NA,NA,"","",0,"0","0","0","upland","butternut hickory ash elm","Nearby grasses or forbs, Nearby shrubs","",4793,"","N",NA,"butternut","hickory","ash","elm","","","","",NA,1,0,0,0,0,0,0,0,1,1,0,0,0,0,0,0,0,0,0,0,1,0,0,0,0,0,0,0,"","",1990.25,0
"104",360,"kyliereroth@gmail.com","9/26/2025","CPVT","Bu","132","SonyHX90V",4800,44.33146,-73.24428,5,"NW",20,"Adult",19,"Co-dominant","Alive","","","",NA,NA,NA,NA,"No",75,"N","N","Y","Yes",65,NA,30,50,3.5,2,NA,NA,NA,NA,NA,"",NA,NA,"","",NA,"","",NA,NA,NA,"","",0,"0","0","0","upland","ash, poplar, buckthorn, oak","Nearby shrubs, Vines on the tree","",4815,"","Y",NA,"ash","poplar","buckthorn","oak","","","","",NA,0,0,0,0,0,0,0,1,1,0,0,0,0,0,0,0,0,0,0,0,0,1,1,0,0,0,0,0,"","",2001.25,0
"105",411,"kyliereroth@gmail.com","10/1/2025","CPVT","BU","133","SonyHX90V",5125,44.337144,-73.243246,9,"w",1.33,"Seedling",NA,"","","","","",NA,NA,NA,NA,"",NA,"","","","",NA,NA,NA,NA,NA,NA,96,96,96,96,9.87,"Having been mowed in the past",1,2024,"Alive","",90,"N","",NA,NA,NA,"","",NA,"0","0","0","upland","red cedar, sumac","Nearby grasses or forbs","",5131,"","Y",NA,"red cedar","sumac","","","","","","",NA,0,0,0,0,1,0,0,0,0,0,0,0,1,0,0,0,0,0,0,0,0,0,0,0,0,0,0,0,"Having been mowed in the past","",2024,0
"106",413,"kyliereroth@gmail.com","10/1/2025","CPVT","BU","134","SonyHX90V",5140,44.33733,-73.243615,10,"w",3.17,"Seedling",NA,"","","","","",NA,NA,NA,NA,"",NA,"","","","",NA,NA,NA,NA,NA,NA,96,96,96,96,15.92,"",0,2023,"Alive","",60,"N","",NA,NA,NA,"","",NA,"0","0","0","upland","sumac, red cedar, ash","Nearby grasses or forbs","",5148,"","Y",NA,"sumac","red cedar","ash","","","","","",NA,0,0,0,0,1,0,0,0,1,0,0,0,1,0,0,0,0,0,0,0,0,0,0,0,0,0,0,0,"","",2023,0
"107",412,"kyliereroth@gmail.com","10/1/2025","CPVT","BU","135","SonyHX90V",5132,44.3367656,-73.2440669,7,"w",1.5,"Seedling",NA,"","","","","",NA,NA,NA,NA,"",NA,"","","","",NA,NA,NA,NA,NA,NA,70,94,48,22,7.46,"",0,2024,"Alive","",0,"Y","N",0,3,8,"","",NA,"0","0","0","upland","buckthorn, ash, sumac, red cedar","Nearby grasses or forbs","",5139,"","Y",NA,"buckthorn","ash","sumac","red cedar","","","","",NA,0,0,0,0,1,0,0,1,1,0,0,0,1,0,0,0,0,0,0,0,0,0,0,0,0,0,0,0,"","",2024,0
"108",416,"kyliereroth@gmail.com","10/1/2025","CPVT","BU","136","SonyHX90V",5169,44.336724,-73.24348,10,"w",0.83,"Seedling",NA,"","","","","",NA,NA,NA,NA,"",NA,"","","","",NA,NA,NA,NA,NA,NA,96,96,79,71,2.66,"Having been mowed in the past",1,2024,"Alive","",25,"N","",NA,NA,NA,"","",NA,"0","0","0","upland","red cedar, sumac","Nearby grasses or forbs","",5177,"growing out of a large brushhogged stem","Y",NA,"red cedar","sumac","","","","","","",NA,0,0,0,0,1,0,0,0,0,0,0,0,1,0,0,0,0,0,0,0,0,0,0,0,0,0,0,0,"Having been mowed in the past","",2024,0
"109",414,"kyliereroth@gmail.com","10/1/2025","CPVT","BU","137","SonyHX90V",5149,44.336849,-73.243222,10,"w",5.17,"Adult",0.55,"NA - no canopy","Alive","","","",NA,NA,NA,NA,"No",100,"Y","N","N","",NA,NA,NA,NA,NA,NA,NA,NA,NA,NA,NA,"",NA,NA,"","",NA,"","",NA,NA,NA,"","",NA,"0","0","1","upland","red cedar, sumac","Nearby grasses or forbs","",5157,"many stems all sprouts of a very large brushhogged tree","Y",NA,"red cedar","sumac","","","","","","",NA,0,0,0,0,1,0,0,0,0,0,0,0,1,0,0,0,0,0,0,0,0,0,0,0,0,0,0,0,"","",2024.3125,0
"110",415,"kyliereroth@gmail.com","10/1/2025","CPVT","BU","138","SonyHX90V",5158,44.336705,-73.243019,10,"w",0.66,"Seedling",NA,"","","","","",NA,NA,NA,NA,"",NA,"","","","",NA,NA,NA,NA,NA,NA,96,96,96,96,10.03,"Having been mowed in the past",1,2024,"Alive","",75,"N","",NA,NA,NA,"","",NA,"0","0","0","upland","red cedar, sumac","Nearby grasses or forbs","",5168,"","Y",NA,"red cedar","sumac","","","","","","",NA,0,0,0,0,1,0,0,0,0,0,0,0,1,0,0,0,0,0,0,0,0,0,0,0,0,0,0,0,"Having been mowed in the past","",2024,0
"111",419,"kyliereroth@gmail.com","10/1/2025","CPVT","bu","139","SonyHX90V",5192,44.336764,-73.243216,12,"w",3.5,"Seedling",NA,"","","","","",NA,NA,NA,NA,"",NA,"","","","",NA,NA,NA,NA,NA,NA,83,69,57,96,22.67,"Having been mowed in the past",1,2020,"Alive","",30,"Y","Y",0,3,30,"","",NA,"1","1","0","upland","red cedar, ash, sumac","None apparent","",5202,"","Y",NA,"red cedar","ash","sumac","","","","","",NA,0,0,0,0,1,0,0,0,1,0,0,0,1,0,0,0,0,0,0,0,0,0,0,0,0,0,0,0,"Having been mowed in the past","",2020,0
"112",417,"kyliereroth@gmail.com","10/1/2025","CPVT","Bu","140","SonyHX90V",5178,44.337174,-73.242784,10,"w",1.08,"Seedling",NA,"","","","","",NA,NA,NA,NA,"",NA,"","","","",NA,NA,NA,NA,NA,NA,75,94,96,96,9.96,"",0,2023,"Alive","",0,"N","",NA,NA,NA,"","",NA,"0","0","0","upland","red cedar, ash, sumac","Nearby grasses or forbs","",5184,"","Y",NA,"red cedar","ash","sumac","","","","","",NA,0,0,0,0,1,0,0,0,1,0,0,0,1,0,0,0,0,0,0,0,0,0,0,0,0,0,0,0,"","",2023,0
"113",418,"kyliereroth@gmail.com","10/1/2025","CPVT","BU","141","SonyHX90V",5185,44.336731,-73.243378,10,"w",0.83,"Seedling",NA,"","","","","",NA,NA,NA,NA,"",NA,"","","","",NA,NA,NA,NA,NA,NA,95,96,96,96,6.56,"Having been mowed in the past",1,2024,"Alive","",40,"N","",NA,NA,NA,"","",NA,"0","0","0","upland","red cedar, ash, sumac","Nearby grasses or forbs","",5191,"","Y",NA,"red cedar","ash","sumac","","","","","",NA,0,0,0,0,1,0,0,0,1,0,0,0,1,0,0,0,0,0,0,0,0,0,0,0,0,0,0,0,"Having been mowed in the past","",2024,0
"114",420,"kyliereroth@gmail.com","10/1/2025","CPVT","bu","142","SonyHX90V",5203,44.336734,-73.243228,10,"w",3,"Seedling",NA,"","","","","",NA,NA,NA,NA,"",NA,"","","","",NA,NA,NA,NA,NA,NA,96,91,96,96,13.13,"",0,2024,"Alive","",5,"N","",NA,NA,NA,"","",NA,"0","0","0","upland","red cedar, ash, sumac","None apparent","",5211,"","Y",NA,"red cedar","ash","sumac","","","","","",NA,0,0,0,0,1,0,0,0,1,0,0,0,1,0,0,0,0,0,0,0,0,0,0,0,0,0,0,0,"","",2024,0
"115",421,"kyliereroth@gmail.com","10/1/2025","CPVT","BU","143","SonyHX90V",5212,44.336616,-73.243316,10,"w",3.25,"Seedling",NA,"","","","","",NA,NA,NA,NA,"",NA,"","","","",NA,NA,NA,NA,NA,NA,96,96,96,96,27.05,"Having been mowed in the past",1,2019,"Alive","",40,"Y","Y",30,9,30,"","",NA,"0","0","0","upland","red cedar, ash, sumac","Nearby grasses or forbs","",5221,"","Y",NA,"red cedar","ash","sumac","","","","","",NA,0,0,0,0,1,0,0,0,1,0,0,0,1,0,0,0,0,0,0,0,0,0,0,0,0,0,0,0,"Having been mowed in the past","",2019,0
"116",422,"kyliereroth@gmail.com","10/1/2025","CPVT","BU","144","SonyHX90V",5222,44.336486,-73.24313,10,"w",3.75,"Seedling",NA,"","","","","",NA,NA,NA,NA,"",NA,"","","","",NA,NA,NA,NA,NA,NA,96,96,96,96,17.55,"Having been mowed in the past",0,2023,"Alive","",70,"Y","N",20,0,45,"","",NA,"0","0","0","upland","red cedar, ash","Nearby grasses or forbs","",5232,"","Y",NA,"red cedar","ash","","","","","","",NA,0,0,0,0,1,0,0,0,1,0,0,0,0,0,0,0,0,0,0,0,0,0,0,0,0,0,0,0,"Having been mowed in the past","",2023,0
"117",424,"kyliereroth@gmail.com","10/1/2025","CPVT","BU","145","SonyHX90V",5242,44.335959,-73.242806,10,"w",1.46,"Seedling",NA,"","","","","",NA,NA,NA,NA,"",NA,"","","","",NA,NA,NA,NA,NA,NA,96,23,72,96,10.67,"",0,2024,"Alive","",20,"N","",NA,NA,NA,"","",NA,"0","0","0","upland","red cedar, buckthorn","Nearby grasses or forbs","",5248,"","Y",NA,"red cedar","buckthorn","","","","","","",NA,0,0,0,0,1,0,0,1,0,0,0,0,0,0,0,0,0,0,0,0,0,0,0,0,0,0,0,0,"","",2024,0
"118",423,"kyliereroth@gmail.com","10/1/2025","CPVT","bu","146","SonyHX90V",5233,44.335813,-73.243265,10,"w",0.83,"Seedling",NA,"","","","","",NA,NA,NA,NA,"",NA,"","","","",NA,NA,NA,NA,NA,NA,30,32,21,25,10.19,"",0,2024,"Alive","",90,"N","",NA,NA,NA,"","",NA,"0","0","0","upland","red cedar, buckthorn","None apparent","",5241,"","Y",NA,"red cedar","buckthorn","","","","","","",NA,0,0,0,0,1,0,0,1,0,0,0,0,0,0,0,0,0,0,0,0,0,0,0,0,0,0,0,0,"","",2024,0
"119",427,"kyliereroth@gmail.com","10/1/2025","CPVT","BU","147","SonyHX90V",5267,44.335969,-73.2431,10,"w",1,"Seedling",NA,"","","","","",NA,NA,NA,NA,"",NA,"","","","",NA,NA,NA,NA,NA,NA,95,55,37,48,9.92,"Vole (nibbling on the bark)",0,2025,"Alive","",50,"N","",NA,NA,NA,"","",NA,"0","0","0","upland","red cedar, buckthorn","None apparent","",5274,"","Y",NA,"red cedar","buckthorn","","","","","","",NA,0,0,0,0,1,0,0,1,0,0,0,0,0,0,0,0,0,0,0,0,0,0,0,0,0,0,0,0,"Vole (nibbling on the bark)","",2025,0
"120",429,"kyliereroth@gmail.com","10/1/2025","CPVT","BU","148","SonyHX90V",5283,44.335729,-73.243067,10,"w",0.71,"Seedling",NA,"","","","","",NA,NA,NA,NA,"",NA,"","","","",NA,NA,NA,NA,NA,NA,5,46,74,39,6.3,"",0,2024,"Alive","",85,"N","",NA,NA,NA,"","",NA,"0","0","0","upland","red cedar, honeysuckle ","Nearby grasses or forbs","",5292,"","Y",NA,"red cedar","honeysuckle","","","","","","",NA,0,0,0,0,1,0,0,0,0,0,0,0,0,1,0,0,0,0,0,0,0,0,0,0,0,0,0,0,"","",2024,0
"121",426,"kyliereroth@gmail.com","10/1/2025","CPVT","BU","149","SonyHX90V",5256,44.335725,-73.242852,10,"w",2.67,"Seedling",NA,"","","","","",NA,NA,NA,NA,"",NA,"","","","",NA,NA,NA,NA,NA,NA,91,96,60,48,20.57,"",0,2022,"Alive","",70,"Y","Y",0,3,15,"","",NA,"1","0","0","upland","red cedar, ash","Nearby shrubs","",5266,"","Y",NA,"red cedar","ash","","","","","","",NA,0,0,0,0,1,0,0,0,1,0,0,0,0,0,0,0,0,0,0,0,0,0,0,0,0,0,0,0,"","",2022,0
"122",428,"kyliereroth@gmail.com","10/1/2025","CPVT","BU","150","SonyHX90V",5275,44.335752,-73.243106,10,"w",3.33,"Seedling",NA,"","","","","",NA,NA,NA,NA,"",NA,"","","","",NA,NA,NA,NA,NA,NA,62,76,18,13,13.5,"",0,2023,"Alive","",95,"N","",NA,NA,NA,"","",NA,"0","0","0","upland","red cedar, honeysuckle","None apparent","",5282,"","Y",NA,"red cedar","honeysuckle","","","","","","",NA,0,0,0,0,1,0,0,0,0,0,0,0,0,1,0,0,0,0,0,0,0,0,0,0,0,0,0,0,"","",2023,0
"123",425,"kyliereroth@gmail.com","10/1/2025","CPVT","BU","151","SonyHX90V",5249,44.335653,-73.2431,10,"w",1.04,"Seedling",NA,"","","","","",NA,NA,NA,NA,"",NA,"","","","",NA,NA,NA,NA,NA,NA,14,33,95,79,10.64,"",0,2025,"Alive","",80,"N","",NA,NA,NA,"","",NA,"0","0","0","upland","red cedar, buckthorn ","None apparent","",5256,"","Y",NA,"red cedar","buckthorn","","","","","","",NA,0,0,0,0,1,0,0,1,0,0,0,0,0,0,0,0,0,0,0,0,0,0,0,0,0,0,0,0,"","",2025,0
"124",430,"kyliereroth@gmail.com","10/1/2025","CPVT","BU","152","SonyHX90V",5293,44.335644,-73.242701,10,"w",1.66,"Seedling",NA,"","","","","",NA,NA,NA,NA,"",NA,"","","","",NA,NA,NA,NA,NA,NA,96,90,96,96,9.19,"",0,2025,"Alive","",100,"N","",NA,NA,NA,"","",NA,"0","0","0","upland","red cedar","Nearby grasses or forbs","",5301,"","Y",NA,"red cedar","","","","","","","",NA,0,0,0,0,1,0,0,0,0,0,0,0,0,0,0,0,0,0,0,0,0,0,0,0,0,0,0,0,"","",2025,0
"125",431,"kyliereroth@gmail.com","10/1/2025","CPVT","BU","153","SonyHX90V",5302,44.335586,-73.242897,10,"w",0.92,"Seedling",NA,"","","","","",NA,NA,NA,NA,"",NA,"","","","",NA,NA,NA,NA,NA,NA,8,34,73,70,6.96,"",0,2025,"Dead","N",NA,"","",NA,NA,NA,"","",NA,"0","0","0","upland","red cedar","None apparent","",5309,"","Y",NA,"red cedar","","","","","","","",NA,0,0,0,0,1,0,0,0,0,0,0,0,0,0,0,0,0,0,0,0,0,0,0,0,0,0,0,0,"","",2025,0
"126",432,"kyliereroth@gmail.com","10/1/2025","CPVT","BU","154","SonyHX90V",5310,44.335351,-73.242952,10,"w",1.25,"Seedling",NA,"","","","","",NA,NA,NA,NA,"",NA,"","","","",NA,NA,NA,NA,NA,NA,96,94,66,95,7.9,"Vole (nibbling on the bark), Having been mowed in the past",0,2024,"Alive","",75,"N","",NA,NA,NA,"","",NA,"0","0","0","upland","red cedar","Nearby grasses or forbs","",5319,"","Y",NA,"red cedar","","","","","","","",NA,0,0,0,0,1,0,0,0,0,0,0,0,0,0,0,0,0,0,0,0,0,0,0,0,0,0,0,0,"Vole (nibbling on the bark)","Having been mowed in the past",2024,0
"127",433,"kyliereroth@gmail.com","10/1/2025","CPVT","BU","155","SonyHX90V",5320,44.335455,-73.242927,10,"w",1.13,"Seedling",NA,"","","","","",NA,NA,NA,NA,"",NA,"","","","",NA,NA,NA,NA,NA,NA,95,81,46,71,6.6,"Having been mowed in the past",0,2024,"Alive","",50,"N","",NA,NA,NA,"","",NA,"0","0","0","upland","red cedar","Nearby grasses or forbs","",5327,"","Y",NA,"red cedar","","","","","","","",NA,0,0,0,0,1,0,0,0,0,0,0,0,0,0,0,0,0,0,0,0,0,0,0,0,0,0,0,0,"Having been mowed in the past","",2024,0
"128",440,"kyliereroth@gmail.com","10/1/2025","CPVT","BU","156","SonyHX90V",5381,44.335422,-73.242558,10,"w",1.83,"Seedling",NA,"","","","","",NA,NA,NA,NA,"",NA,"","","","",NA,NA,NA,NA,NA,NA,96,96,95,84,13.82,"Vole (nibbling on the bark)",0,2024,"Alive","",85,"N","",NA,NA,NA,"","",NA,"0","0","0","upland","butternut, red cedar, ash","None apparent","",5389,"","Y",NA,"butternut","red cedar","ash","","","","","",NA,0,0,0,0,1,0,0,0,1,0,0,0,0,0,0,0,0,0,0,0,1,0,0,0,0,0,0,0,"Vole (nibbling on the bark)","",2024,0
"129",434,"kyliereroth@gmail.com","10/1/2025","CPVT","BU","157","SonyHX90V",5328,44.335262,-73.242568,10,"w",0.63,"Seedling",NA,"","","","","",NA,NA,NA,NA,"",NA,"","","","",NA,NA,NA,NA,NA,NA,96,79,96,88,7.14,"Having been mowed in the past",1,2024,"Alive","",30,"N","",NA,NA,NA,"","",0,"0","0","0","upland","red cedar, butternut","Nearby grasses or forbs","",5334,"","Y",NA,"red cedar","butternut","","","","","","",NA,0,0,0,0,1,0,0,0,0,0,0,0,0,0,0,0,0,0,0,0,1,0,0,0,0,0,0,0,"Having been mowed in the past","",2024,0
"130",435,"kyliereroth@gmail.com","10/1/2025","CPVT","BU","158","SonyHX90V",5335,44.335258,-73.242714,10,"w",1.16,"Seedling",NA,"","","","","",NA,NA,NA,NA,"",NA,"","","","",NA,NA,NA,NA,NA,NA,96,96,96,96,6.45,"",0,2025,"Alive","",20,"N","",NA,NA,NA,"","",NA,"0","0","0","upland","butternut, ash","Nearby grasses or forbs","",5341,"","Y",NA,"butternut","ash","","","","","","",NA,0,0,0,0,0,0,0,0,1,0,0,0,0,0,0,0,0,0,0,0,1,0,0,0,0,0,0,0,"","",2025,0
"131",436,"kyliereroth@gmail.com","10/1/2025","CPVT","BU","159","SonyHX90V",5342,44.335131,-73.242617,10,"w",3.92,"Seedling",NA,"","","","","",NA,NA,NA,NA,"",NA,"","","","",NA,NA,NA,NA,NA,NA,96,96,96,96,20.71,"",0,2023,"Alive","",80,"N","",NA,NA,NA,"","",NA,"0","0","0","upland","butternut, ash","Nearby grasses or forbs","",5353,"","Y",NA,"butternut","ash","","","","","","",NA,0,0,0,0,0,0,0,0,1,0,0,0,0,0,0,0,0,0,0,0,1,0,0,0,0,0,0,0,"","",2023,0
"132",439,"kyliereroth@gmail.com","10/1/2025","CPVT","BU","160","SonyHX90V",5371,44.335029,-73.242975,9,"w",3.75,"Seedling",NA,"","","","","",NA,NA,NA,NA,"",NA,"","","","",NA,NA,NA,NA,NA,NA,75,93,85,89,16.78,"Vole (nibbling on the bark), Having been mowed in the past",1,2023,"Alive","",70,"N","",NA,NA,NA,"","",NA,"0","0","0","upland","buckthorn, red cedar, ash, butternut","Nearby shrubs","",5380,"","Y",NA,"buckthorn","red cedar","ash","butternut","","","","",NA,0,0,0,0,1,0,0,1,1,0,0,0,0,0,0,0,0,0,0,0,1,0,0,0,0,0,0,0,"Vole (nibbling on the bark)","Having been mowed in the past",2023,0
"133",438,"kyliereroth@gmail.com","10/1/2025","CPVT","ILM","161","SonyHX90V",5363,44.334873,-73.242607,6,"w",1.25,"Seedling",NA,"","","","","",NA,NA,NA,NA,"",NA,"","","","",NA,NA,NA,NA,NA,NA,96,87,43,93,7.82,"",0,2025,"Alive","",35,"N","",NA,NA,NA,"","",NA,"1","0","0","upland","maple, ash, honeysuckle, buckthorn","Nearby grasses or forbs","",5370,"","Y",NA,"maple","ash","honeysuckle","buckthorn","","","","",NA,0,0,0,0,0,0,0,1,1,0,0,0,0,1,0,0,0,0,1,0,0,0,0,0,0,0,0,0,"","",2025,0
"134",437,"kyliereroth@gmail.com","10/1/2025","CPVT","BU","162","SonyHX90V",5354,44.334927,-73.242405,7,"w",4.58,"Adult",0.59,"NA - no canopy","Alive","","","",NA,NA,NA,NA,"No",100,"Y","N","N","",NA,NA,NA,NA,NA,NA,NA,NA,NA,NA,NA,"",NA,NA,"","",NA,"","",NA,NA,NA,"","",0,"1","0","0","upland","maple, ash","None apparent","",5362,"one of many sprouts from a previous stem","Y",NA,"maple","ash","","","","","","",NA,0,0,0,0,0,0,0,0,1,0,0,0,0,0,0,0,0,0,1,0,0,0,0,0,0,0,0,0,"","",2024.2625,0
"135",381,"kyliereroth@gmail.com","9/30/2025","CPVT","BU","163","SonyHX90V",4816,44.331249,-73.242998,5,"W",1.79,"Seedling",NA,"","","","","",NA,NA,NA,NA,"",NA,"","","","",NA,NA,NA,NA,NA,NA,96,81,96,96,13.42,"Having been mowed in the past",1,2024,"Alive","",15,"N","",NA,NA,NA,"","",0,"0","0","0","upland","butternut, ash","Nearby grasses or forbs","",4822,"","Y",NA,"butternut","ash","","","","","","",NA,0,0,0,0,0,0,0,0,1,0,0,0,0,0,0,0,0,0,0,0,1,0,0,0,0,0,0,0,"Having been mowed in the past","",2024,0
"136",382,"kyliereroth@gmail.com","9/30/2025","CPVT","BU","164","SonyHX90V",4823,44.331072,-73.243074,5,"W",1.5,"Seedling",NA,"","","","","",NA,NA,NA,NA,"",NA,"","","","",NA,NA,NA,NA,NA,NA,96,92,96,96,8.03,"Having been mowed in the past",1,2022,"Alive","",60,"N","",NA,NA,NA,"","",NA,"0","0","0","upland","butternut, ash","Nearby grasses or forbs","",4832,"2 stems, measured larger one. seem to be resprouts of a much older stem that was mowed ","Y",NA,"butternut","ash","","","","","","",NA,0,0,0,0,0,0,0,0,1,0,0,0,0,0,0,0,0,0,0,0,1,0,0,0,0,0,0,0,"Having been mowed in the past","",2022,0
"137",383,"kyliereroth@gmail.com","9/30/2025","CPVT","BU","165","SonyHX90V",4834,44.331175,-73.243055,5,"W",3.58,"Seedling",NA,"","","","","",NA,NA,NA,NA,"",NA,"","","","",NA,NA,NA,NA,NA,NA,96,89,96,96,11.06,"Having been mowed in the past",1,2022,"Alive","",75,"N","",NA,NA,NA,"","",NA,"0","0","0","upland","butternut, ash","None apparent","",4841,"resprout of previous large mowed stem","Y",NA,"butternut","ash","","","","","","",NA,0,0,0,0,0,0,0,0,1,0,0,0,0,0,0,0,0,0,0,0,1,0,0,0,0,0,0,0,"Having been mowed in the past","",2022,0
"138",384,"kyliereroth@gmail.com","9/30/2025","CPVT","BU","166","SonyHX90V",4842,44.330965,-73.243153,5,"W",1.42,"Seedling",NA,"","","","","",NA,NA,NA,NA,"",NA,"","","","",NA,NA,NA,NA,NA,NA,96,96,96,96,5.01,"",0,2025,"Alive","",20,"N","",NA,NA,NA,"","",NA,"0","0","0","upland","butternut, asg","Nearby grasses or forbs","",4851,"","Y",NA,"butternut","ash","","","","","","",NA,0,0,0,0,0,0,0,0,1,0,0,0,0,0,0,0,0,0,0,0,1,0,0,0,0,0,0,0,"","",2025,0
"139",385,"kyliereroth@gmail.com","9/30/2025","CPVT","BU","167","SonyHX90V",4852,44.331118,-73.24296,4,"W",2.5,"Seedling",NA,"","","","","",NA,NA,NA,NA,"",NA,"","","","",NA,NA,NA,NA,NA,NA,96,96,90,96,13.91,"Having been mowed in the past",0,2022,"Alive","",95,"N","",NA,NA,NA,"","",0,"0","0","0","upland","ash, butternut","None apparent","",4862,"","Y",NA,"ash","butternut","","","","","","",NA,0,0,0,0,0,0,0,0,1,0,0,0,0,0,0,0,0,0,0,0,1,0,0,0,0,0,0,0,"Having been mowed in the past","",2022,0
"140",386,"kyliereroth@gmail.com","9/30/2025","CPVT","BU","168","SonyHX90V",4863,44.331142,-73.242918,4,"W",1.33,"Seedling",NA,"","","","","",NA,NA,NA,NA,"",NA,"","","","",NA,NA,NA,NA,NA,NA,96,96,84,96,5.73,"Having been mowed in the past",1,2024,"Alive","",30,"N","",NA,NA,NA,"","",0,"0","0","0","upland","ash, butternut","Nearby grasses or forbs","",4871,"","Y",NA,"ash","butternut","","","","","","",NA,0,0,0,0,0,0,0,0,1,0,0,0,0,0,0,0,0,0,0,0,1,0,0,0,0,0,0,0,"Having been mowed in the past","",2024,0
"141",387,"kyliereroth@gmail.com","9/30/2025","CPVT","BU","169","SonyHX90V",4872,44.330969,-73.243118,4,"W",1.67,"Seedling",NA,"","","","","",NA,NA,NA,NA,"",NA,"","","","",NA,NA,NA,NA,NA,NA,96,96,96,94,4.6,"Having been mowed in the past",4,2020,"Alive","",5,"N","",NA,NA,NA,"","",NA,"1","0","0","upland","ash, butternut","Nearby grasses or forbs","",4882,"","Y",NA,"ash","butternut","","","","","","",NA,0,0,0,0,0,0,0,0,1,0,0,0,0,0,0,0,0,0,0,0,1,0,0,0,0,0,0,0,"Having been mowed in the past","",2020,0
"142",388,"kyliereroth@gmail.com","9/30/2025","CPVT","BU","170","SonyHX90V",4883,44.331088,-73.242993,8,"w",1.13,"Seedling",NA,"","","","","",NA,NA,NA,NA,"",NA,"","","","",NA,NA,NA,NA,NA,NA,80,91,96,96,5.32,"",0,2025,"Alive","",2,"N","",NA,NA,NA,"","",NA,"Unsure","0","0","upland","ash, butternut","Nearby grasses or forbs","",4891,"","Y",NA,"ash","butternut","","","","","","",NA,0,0,0,0,0,0,0,0,1,0,0,0,0,0,0,0,0,0,0,0,1,0,0,0,0,0,0,0,"","",2025,0
"143",389,"kyliereroth@gmail.com","9/30/2025","CPVT","BU","171","SonyHX90V",4892,44.330688,-73.2433,8,"w",0.88,"Seedling",NA,"","","","","",NA,NA,NA,NA,"",NA,"","","","",NA,NA,NA,NA,NA,NA,96,96,96,96,4.59,"Having been mowed in the past",2,2023,"Alive","",40,"N","",NA,NA,NA,"","",NA,"0","0","0","upland","ash, butternut","Nearby grasses or forbs","",4901,"","Y",NA,"ash","butternut","","","","","","",NA,0,0,0,0,0,0,0,0,1,0,0,0,0,0,0,0,0,0,0,0,1,0,0,0,0,0,0,0,"Having been mowed in the past","",2023,0
"144",390,"kyliereroth@gmail.com","9/30/2025","CPVT","BU","172","SonyHX90V",4902,44.330759,-73.2422915,9,"W",1.38,"Seedling",NA,"","","","","",NA,NA,NA,NA,"",NA,"","","","",NA,NA,NA,NA,NA,NA,96,92,91,96,6.47,"",1,2024,"Alive","",5,"N","",NA,NA,NA,"","",NA,"0","0","0","upland","ash, butteenut","Nearby grasses or forbs","",4911,"2 main stems about an inch apart","Y",NA,"ash","butternut","","","","","","",NA,0,0,0,0,0,0,0,0,1,0,0,0,0,0,0,0,0,0,0,0,1,0,0,0,0,0,0,0,"","",2024,0
"145",391,"kyliereroth@gmail.com","9/30/2025","CPVT","BU","173","SonyHX90V",4912,44.330662,-73.24323,8,"W",1.42,"Seedling",NA,"","","","","",NA,NA,NA,NA,"",NA,"","","","",NA,NA,NA,NA,NA,NA,96,96,96,96,10.82,"Having been mowed in the past",0,2023,"Alive","",65,"Y","Y",0,10,45,"","",0,"0","0","0","upland","ash, butternut","Nearby grasses or forbs","",4921,"node with dead stem could be canker or mechanical damage ","Y",NA,"ash","butternut","","","","","","",NA,0,0,0,0,0,0,0,0,1,0,0,0,0,0,0,0,0,0,0,0,1,0,0,0,0,0,0,0,"Having been mowed in the past","",2023,0
"146",392,"kyliereroth@gmail.com","9/30/2025","CPVT","BU","174","SonyHX90V",4922,44.330644,-73.243194,7,"w",5.75,"Adult",0.86,"NA - no canopy","Alive","","","",NA,NA,NA,NA,"No",100,"Y","N","N","",NA,NA,NA,NA,NA,NA,NA,NA,NA,NA,NA,"",NA,NA,"","",NA,"","",NA,NA,NA,"","",NA,"0","0","0","upland","ash, butternut","None apparent","",4935,"resprout of what was a dead sapling that may have been brushhogged ","Y",NA,"ash","butternut","","","","","","",NA,0,0,0,0,0,0,0,0,1,0,0,0,0,0,0,0,0,0,0,0,1,0,0,0,0,0,0,0,"","",2023.925,0
"147",393,"kyliereroth@gmail.com","9/30/2025","CPVT","BU","175","SonyHX90V",4936,44.330639,-73.243424,8,"w",5.42,"Adult",0.76,"NA - no canopy","Alive","","","",NA,NA,NA,NA,"No",85,"Y","N","N","",NA,NA,NA,NA,NA,NA,NA,NA,NA,NA,NA,"",NA,NA,"","",NA,"","",NA,NA,NA,"","",NA,"0","0","0","upland","ash, butternut","Nearby grasses or forbs","",4944,"is a sprout of a large brushhogged stem ","Y",NA,"ash","butternut","","","","","","",NA,0,0,0,0,0,0,0,0,1,0,0,0,0,0,0,0,0,0,0,0,1,0,0,0,0,0,0,0,"","",2024.05,0
"148",394,"kyliereroth@gmail.com","9/30/2025","CPVT","BU","176","SonyHX90V",4945,44.330546,-73.243516,8,"w",6,"Adult",1,"NA - no canopy","Alive","","","",NA,NA,NA,NA,"No",85,"Y","N","N","",NA,NA,NA,NA,NA,NA,NA,NA,NA,NA,NA,"",NA,NA,"","",NA,"","",NA,NA,NA,"","",NA,"0","0","0","upland","ash, butternut","Nearby grasses or forbs","",4955,"2 main resprouts from a large brushhogged stem","Y",NA,"ash","butternut","","","","","","",NA,0,0,0,0,0,0,0,0,1,0,0,0,0,0,0,0,0,0,0,0,1,0,0,0,0,0,0,0,"","",2023.75,0
"149",395,"kyliereroth@gmail.com","9/30/2025","CPVT","BU","177","SonyHX90V",4956,44.330631,-73.243409,8,"w",2.58,"Seedling",NA,"","","","","",NA,NA,NA,NA,"",NA,"","","","",NA,NA,NA,NA,NA,NA,77,96,96,96,18.6,"Having been mowed in the past",1,2022,"Alive","",70,"N","",NA,NA,NA,"","",NA,"0","0","0","upland","ash, butternut","None apparent","",4965,"","Y",NA,"ash","butternut","","","","","","",NA,0,0,0,0,0,0,0,0,1,0,0,0,0,0,0,0,0,0,0,0,1,0,0,0,0,0,0,0,"Having been mowed in the past","",2022,0
"150",396,"kyliereroth@gmail.com","9/30/2025","CPVT","BU","178","SonyHX90V",4966,44.33066,-73.243188,7,"w",1.08,"Seedling",NA,"","","","","",NA,NA,NA,NA,"",NA,"","","","",NA,NA,NA,NA,NA,NA,96,96,96,96,4.23,"",0,2025,"Alive","",10,"Y","N",0,1,5,"","",NA,"1","Unsure","1","upland","ash, butternut","Nearby grasses or forbs","",4972,"","Y",NA,"ash","butternut","","","","","","",NA,0,0,0,0,0,0,0,0,1,0,0,0,0,0,0,0,0,0,0,0,1,0,0,0,0,0,0,0,"","",2025,0
"151",397,"kyliereroth@gmail.com","9/30/2025","CPVT","BU","179","SonyHX90V",4973,44.330576,-73.242716,9,"w",1.25,"Seedling",NA,"","","","","",NA,NA,NA,NA,"",NA,"","","","",NA,NA,NA,NA,NA,NA,96,79,76,96,7.25,"",0,2025,"Alive","",3,"Y","N",0,10,25,"","",0,"0","0","0","upland","ash, butternut","Nearby grasses or forbs","",4984,"","Y",NA,"ash","butternut","","","","","","",NA,0,0,0,0,0,0,0,0,1,0,0,0,0,0,0,0,0,0,0,0,1,0,0,0,0,0,0,0,"","",2025,0
"152",398,"kyliereroth@gmail.com","9/30/2025","CPVT","BU","180","SonyHX90V",4985,44.330426,-73.242929,8,"w",3.33,"Seedling",NA,"","","","","",NA,NA,NA,NA,"",NA,"","","","",NA,NA,NA,NA,NA,NA,96,93,96,96,24.95,"Having been mowed in the past",1,2020,"Alive","",40,"N","",NA,NA,NA,"","",0,"0","0","0","upland","ash, butternut","None apparent","",4997,"","Y",NA,"ash","butternut","","","","","","",NA,0,0,0,0,0,0,0,0,1,0,0,0,0,0,0,0,0,0,0,0,1,0,0,0,0,0,0,0,"Having been mowed in the past","",2020,0
"153",399,"kyliereroth@gmail.com","9/30/2025","CPVT","BU","181","SonyHX90V",4998,44.330365,-73.242831,8,"w",1.29,"Seedling",NA,"","","","","",NA,NA,NA,NA,"",NA,"","","","",NA,NA,NA,NA,NA,NA,96,96,96,96,6.51,"",0,2025,"Alive","",20,"N","",NA,NA,NA,"","",NA,"1","0","0","upland","ash, butternut","Nearby grasses or forbs","",5008,"","Y",NA,"ash","butternut","","","","","","",NA,0,0,0,0,0,0,0,0,1,0,0,0,0,0,0,0,0,0,0,0,1,0,0,0,0,0,0,0,"","",2025,0
"154",400,"kyliereroth@gmail.com","9/30/2025","CPVT","BU","182","SonyHX90V",5009,44.330283,-73.242781,8,"w",1.42,"Seedling",NA,"","","","","",NA,NA,NA,NA,"",NA,"","","","",NA,NA,NA,NA,NA,NA,96,96,96,96,5.44,"",0,2025,"Alive","",5,"N","",NA,NA,NA,"","",NA,"0","0","0","upland","ash, butternut","Nearby grasses or forbs","",5017,"","Y",NA,"ash","butternut","","","","","","",NA,0,0,0,0,0,0,0,0,1,0,0,0,0,0,0,0,0,0,0,0,1,0,0,0,0,0,0,0,"","",2025,0
"155",401,"kyliereroth@gmail.com","9/30/2025","CPVT","BU","183","SonyHX90V",5018,44.330414,-73.243037,10,"w",1.5,"Seedling",NA,"","","","","",NA,NA,NA,NA,"",NA,"","","","",NA,NA,NA,NA,NA,NA,90,92,69,96,5.49,"Having been mowed in the past",1,2023,"Alive","",15,"N","",NA,NA,NA,"","",NA,"1","0","0","upland","ash, butternut","Nearby grasses or forbs","",5029,"","Y",NA,"ash","butternut","","","","","","",NA,0,0,0,0,0,0,0,0,1,0,0,0,0,0,0,0,0,0,0,0,1,0,0,0,0,0,0,0,"Having been mowed in the past","",2023,0
"156",402,"kyliereroth@gmail.com","9/30/2025","CPVT","BU","184","SonyHX90V",5030,44.330254,-73.243031,9,"w",2.46,"Seedling",NA,"","","","","",NA,NA,NA,NA,"",NA,"","","","",NA,NA,NA,NA,NA,NA,96,93,71,96,13.9,"Having been mowed in the past",0,2022,"Alive","",55,"N","",NA,NA,NA,"","",NA,"0","0","0","upland","ash, butternut","Nearby grasses or forbs","",5041,"","Y",NA,"ash","butternut","","","","","","",NA,0,0,0,0,0,0,0,0,1,0,0,0,0,0,0,0,0,0,0,0,1,0,0,0,0,0,0,0,"Having been mowed in the past","",2022,0
"157",403,"kyliereroth@gmail.com","9/30/2025","CPVT","BU","185","SonyHX90V",5042,44.329987,-73.24254,7,"w",1.17,"Seedling",NA,"","","","","",NA,NA,NA,NA,"",NA,"","","","",NA,NA,NA,NA,NA,NA,96,84,87,96,4.71,"Having been mowed in the past",1,2023,"Alive","",85,"N","",NA,NA,NA,"","",0,"1","Unsure","0","upland","ash, butternut, ","Nearby grasses or forbs","",5052,"","Y",NA,"ash","butternut","","","","","","",NA,0,0,0,0,0,0,0,0,1,0,0,0,0,0,0,0,0,0,0,0,1,0,0,0,0,0,0,0,"Having been mowed in the past","",2023,0
"158",404,"kyliereroth@gmail.com","9/30/2025","CPVT","BU","186","SonyHX90V",5053,44.330487,-73.243096,8,"w",1.79,"Seedling",NA,"","","","","",NA,NA,NA,NA,"",NA,"","","","",NA,NA,NA,NA,NA,NA,96,96,96,96,4.6,"",0,2025,"Alive","",8,"N","",NA,NA,NA,"","",NA,"0","0","0","upland","ash, butternut","Nearby grasses or forbs","",5061,"","Y",NA,"ash","butternut","","","","","","",NA,0,0,0,0,0,0,0,0,1,0,0,0,0,0,0,0,0,0,0,0,1,0,0,0,0,0,0,0,"","",2025,0
"159",405,"kyliereroth@gmail.com","9/30/2025","CPVT","BU","187","SonyHX90V",5062,44.330707,-73.243575,7,"w",1.92,"Seedling",NA,"","","","","",NA,NA,NA,NA,"",NA,"","","","",NA,NA,NA,NA,NA,NA,96,96,96,96,7.3,"Having been mowed in the past",3,2022,"Alive","",20,"N","",NA,NA,NA,"","",0,"0","0","0","upland","ash, butternut","Nearby grasses or forbs","",5072,"","Y",NA,"ash","butternut","","","","","","",NA,0,0,0,0,0,0,0,0,1,0,0,0,0,0,0,0,0,0,0,0,1,0,0,0,0,0,0,0,"Having been mowed in the past","",2022,0
"160",406,"kyliereroth@gmail.com","9/30/2025","CPVT","BU","188","SonyHX90V",5073,44.330489,-73.243176,9,"w",2.08,"Seedling",NA,"","","","","",NA,NA,NA,NA,"",NA,"","","","",NA,NA,NA,NA,NA,NA,96,96,96,93,9.84,"Having been mowed in the past",2,2023,"Alive","",5,"Y","N",0,2,15,"","",NA,"0","0","0","upland","ash, butternut","Nearby grasses or forbs","",5084,"","Y",NA,"ash","butternut","","","","","","",NA,0,0,0,0,0,0,0,0,1,0,0,0,0,0,0,0,0,0,0,0,1,0,0,0,0,0,0,0,"Having been mowed in the past","",2023,0
"161",407,"kyliereroth@gmail.com","9/30/2025","CPVT","BU","189","SonyHX90V",5085,44.330764,-73.243722,10,"w",1,"Seedling",NA,"","","","","",NA,NA,NA,NA,"",NA,"","","","",NA,NA,NA,NA,NA,NA,87,96,96,96,4.82,"Vole (nibbling on the bark)",0,2025,"Alive","",70,"N","",NA,NA,NA,"","",NA,"0","Unsure","0","upland","ash, butternut","Nearby grasses or forbs","",5094,"","Y",NA,"ash","butternut","","","","","","",NA,0,0,0,0,0,0,0,0,1,0,0,0,0,0,0,0,0,0,0,0,1,0,0,0,0,0,0,0,"Vole (nibbling on the bark)","",2025,0
"162",408,"kyliereroth@gmail.com","9/30/2025","CPVT","BU","190","SonyHX90V",5095,44.330577,-73.243294,9,"w",4.5,"Adult",0.63,"NA - no canopy","Alive","","","",NA,NA,NA,NA,"No",70,"N","N","N","",NA,NA,NA,NA,NA,NA,NA,NA,NA,NA,NA,"",NA,NA,"","",NA,"","",NA,NA,NA,"","",0,"0","0","0","upland","ash, butternut","None apparent","",5105,"2 new stems from much larger dead mowed stem","Y",NA,"ash","butternut","","","","","","",NA,0,0,0,0,0,0,0,0,1,0,0,0,0,0,0,0,0,0,0,0,1,0,0,0,0,0,0,0,"","",2024.2125,0
"163",409,"kyliereroth@gmail.com","9/30/0025","CPVT","BU","191","SonyHX90V",5106,44.330772,-73.243201,7,"w",6.67,"Adult",1.16,"NA - no canopy","Alive","","","",NA,NA,NA,NA,"No",95,"N","N","N","",NA,NA,NA,NA,NA,NA,NA,NA,NA,NA,NA,"",NA,NA,"","",NA,"","",NA,NA,NA,"","",NA,"0","0","0","upland","ash, butternut","None apparent","",5115,"2 main stems from large brushhogged dead stem","Y",NA,"ash","butternut","","","","","","",NA,0,0,0,0,0,0,0,0,1,0,0,0,0,0,0,0,0,0,0,0,1,0,0,0,0,0,0,0,"","",2023.55,0
"164",410,"kyliereroth@gmail.com","9/30/2025","CPVT","BU","192","SonyHX90V",5116,44.331,-73.243085,8,"w",1.5,"Seedling",NA,"","","","","",NA,NA,NA,NA,"",NA,"","","","",NA,NA,NA,NA,NA,NA,96,96,96,96,5.82,"",0,2025,"Alive","",7,"N","",NA,NA,NA,"","",NA,"0","0","0","upland","ash, butternut","Nearby grasses or forbs","",5124,"","Y",NA,"ash","butternut","","","","","","",NA,0,0,0,0,0,0,0,0,1,0,0,0,0,0,0,0,0,0,0,0,1,0,0,0,0,0,0,0,"","",2025,0
