objectid_1,join_count,target_fid,objectid,site,number_,gps_n,gps_w,height_ft,seedling_o,dbh_cm,adult_crow,adult_dead,adult_perc,live_adult,live_adu_1,live_adu_2,live_adu_3,live_adu_4,live_adu_5,live_adu_6,live_adu_7,densi_n,densi_e,densi_s,densi_w,basal_diam,seedling_d,seedling_p,seedling_g,seedling_1,seedling_2,live_seedl,live_see_1,seedling_c,seedling_3,seedling_4,riparian_o,competitio,other_comp,notes,hickory,dogwood,black_waln,white_pine,red_cedar,white_ceda,malus,buckthorn,ash,elm,mulberry,basswood,sumac,honeysuckl,elderberry,prunus,lilac,boxelder,maple,hackberry,butternut,oak,poplar,hazelnut,beech,gooseberry,spruce,birch,areasymbol,spatialver,musym,mukey,x,y
1,1,1,1,CPVT,46,44.335149999999999,-73.242620000000002,3.480000000000000,Seedling, , , ,0, , ,0,0,0.000000000000000,0,0.000000000000000,0.000000000000000,96,96,96,96,12.000000000000000,Having been mowed in the past,5,2022,Alive,100,Y,N,0,1,2,upland,Nearby grasses or forbs, ,"this seedling has 4 live stems currently, and others that were killed by mowing in the past. we measured the largest/ tallest one.",0,0,0,0,0,0,0,0,1,0,0,0,0,0,0,0,0,0,1,0,1,0,0,0,0,0,0,0,VT007,10,SuD,281757,-73.242620000312300,44.335149999864726
2,1,2,2,CPVT,47,44.335149999999999,-73.242510000000010,2.920000000000000,Seedling, , , ,0, , ,0,0,0.000000000000000,0,0.000000000000000,0.000000000000000,96,96,96,96,9.000000000000000,Having been mowed in the past,2,2019,Alive,100,N, ,0,0,0,upland,Nearby grasses or forbs, ,"has 2 woody stems that were previously mowed, one is about half an inch in diameter estimating it to be at least 5 years old",0,0,0,0,0,0,0,0,1,0,0,0,0,0,0,0,0,0,1,0,1,0,0,0,0,0,0,0,VT007,10,SuD,281757,-73.242509999809101,44.335149999864726
3,1,3,3,CPVT,48,44.335110000000000,-73.242570000000001,3.680000000000000,Seedling, , , ,0, , ,0,0,0.000000000000000,0,0.000000000000000,0.000000000000000,96,96,96,96,16.000000000000000,Having been mowed in the past,6,2017,Alive,100,Y,N,2,1,25,upland,Nearby grasses or forbs, ,has a large mowed over root system indicating it to be several years old,0,0,0,0,0,0,0,0,1,0,0,0,0,0,0,0,0,0,1,0,1,0,0,0,0,0,0,0,VT007,10,SuD,281757,-73.242570000083575,44.335110000262787
4,1,4,4,CPVT,67,44.335369999999998,-73.242590000000007,1.300000000000000,Seedling, , , ,0, , ,0,0,0.000000000000000,0,0.000000000000000,0.000000000000000,96,96,96,96,4.000000000000000, ,1,2023,Alive,100,Y,N,0,1,25,upland,Nearby grasses or forbs, , ,0,0,0,0,1,0,0,0,1,0,0,0,0,0,0,0,0,0,0,0,1,0,0,0,0,0,0,0,VT007,10,SuD,281757,-73.242590000175056,44.335370000079436
5,1,5,5,CPVT,66,44.335339999999995,-73.242620000000002,1.900000000000000,Seedling, , , ,0, , ,0,0,0.000000000000000,0,0.000000000000000,0.000000000000000,96,96,96,96,10.000000000000000,"Having been mowed in the past, Rabbit browse",4,2020,Alive,100,Y,N,0,1,3,upland,Nearby grasses or forbs, , ,0,0,0,0,1,0,0,0,1,0,0,0,0,0,0,0,0,0,0,0,1,0,0,0,0,0,0,0,VT007,10,SuD,281757,-73.242620000312300,44.335339999689872
6,1,6,6,CPVT,40,44.335310000000000,-73.242660000000001,2.300000000000000,Seedling, , , ,0, , ,0,0,0.000000000000000,0,0.000000000000000,0.000000000000000,71,96,90,34,10.000000000000000,Having been mowed in the past,2,2021,Alive,90,Y,N,25,0,0,upland,Nearby grasses or forbs, ,"previous stem broken off from mower, not considered in canker analysis",0,0,0,0,1,0,0,0,1,0,0,0,0,0,0,0,0,0,0,0,1,0,0,0,0,0,0,0,VT007,10,SuD,281757,-73.242659999596953,44.335309999927503
7,1,7,7,CPVT,65,44.335379999999994,-73.242669999999990,3.800000000000000,Seedling, , , ,0, , ,0,0,0.000000000000000,0,0.000000000000000,0.000000000000000,96,96,96,76,11.000000000000000,Having been mowed in the past,10,2020,Alive,100,Y,N,10,2,10,riparian,Nearby grasses or forbs, ,"has multiple live stems, and many previously mowed dead stems, with a large apparent main stem or root",0,0,0,0,1,0,0,0,1,0,0,0,0,0,0,0,0,0,0,0,1,0,0,0,0,0,0,0,VT007,10,SuD,281757,-73.242669999642700,44.335379999777508
8,1,8,8,CPVT,41,44.335400000000000,-73.242739999999998,3.800000000000000,Seedling, , , ,0, , ,0,0,0.000000000000000,0,0.000000000000000,0.000000000000000,96,96,88,92,24.000000000000000,Having been mowed in the past,4,2020,Alive,95,Y,Y,50,1,5,riparian,Nearby grasses or forbs, ,large stem that was mowed high so it has many dead sprouts off it. it has a large callousing section of damage at the base which could be canker or mechanical damage.,0,0,0,0,1,0,0,0,1,0,0,0,0,0,0,0,0,0,0,0,1,0,0,0,0,0,0,0,VT007,10,SuD,281757,-73.242739999962893,44.335399999811102
9,1,9,9,CPVT,42,44.335400000000000,-73.242710000000002,3.000000000000000,Seedling, , , ,0, , ,0,0,0.000000000000000,0,0.000000000000000,0.000000000000000,96,96,96,96,20.000000000000000,Having been mowed in the past,3,2021,Alive,90,N, ,0,0,0,upland,Nearby grasses or forbs, ,"some mechanical damage, did not look like canker but unsure",0,0,0,0,1,0,0,0,1,0,0,0,0,0,0,0,0,0,0,0,1,0,0,0,0,0,0,0,VT007,10,SuD,281757,-73.242709999825664,44.335399999811102
10,1,10,10,CPVT,64,44.335410000000003,-73.242669999999990,3.700000000000000,Seedling, , , ,0, , ,0,0,0.000000000000000,0,0.000000000000000,0.000000000000000,96,96,96,96,15.000000000000000,Having been mowed in the past,2,2020,Alive,100,Y,N,0,1,5,upland,Nearby grasses or forbs, ,"2 seedlings right next to each other that could be separate trees, we evaluated the larger (southeastern) one",0,0,0,0,1,0,0,0,1,0,0,0,0,0,0,0,0,0,0,0,1,0,0,0,0,0,0,0,VT007,10,SuD,281757,-73.242669999642700,44.335410000146602
11,1,11,11,CPVT,44,44.335439999999998,-73.242689999999996,3.900000000000000,Seedling, , , ,0, , ,0,0,0.000000000000000,0,0.000000000000000,0.000000000000000,96,96,96,96,12.000000000000000,Having been mowed in the past,5,2021,Alive,95,Y,N,0,1,8,upland,"Nearby grasses or forbs, Other","grape vine adjacent, but not on tree yet",possible that the original terminal bud died back and the new one is interesting looking because it is still growing in,0,0,0,0,1,0,0,0,1,0,0,0,0,0,0,0,0,0,0,0,1,0,0,0,0,0,0,0,VT007,10,SuD,281757,-73.242689999734182,44.335439999857819
12,1,12,12,CPVT,43,44.335439999999998,-73.242729999999995,3.500000000000000,Seedling, , , ,0, , ,0,0,0.000000000000000,0,0.000000000000000,0.000000000000000,96,96,96,96,12.000000000000000,Having been mowed in the past,1,2022,Alive,100,Y,N,0,1,5,upland,Nearby grasses or forbs, , ,0,0,0,0,1,0,0,0,1,0,0,0,0,0,0,0,0,0,0,0,1,0,0,0,0,0,0,0,VT007,10,SuD,281757,-73.242729999917145,44.335439999857819
13,1,13,13,CPVT,37,44.335259999999998,-73.242850000000004,54.299999999999997,Adult,39.2,Dominant,Alive,100,Y,Yes,15,10,8.000000000000000,10,3.000000000000000,1.000000000000000,0,0,0,0,0.000000000000000, ,0,0, ,0, , ,0,0,0,upland,Nearby shrubs, , ,0,0,0,0,1,0,1,0,1,0,0,0,0,0,0,0,0,0,0,0,1,0,0,0,0,0,0,0,VT007,10,SuD,281757,-73.242849999567738,44.335260000075223
14,1,14,14,CPVT,38,44.335010000000004,-73.243229999999997,79.700000000000003,Adult,58.4,Dominant,Alive,95,Y,Yes,5,10,5.000000000000000,10,2.000000000000000,1.500000000000000,0,0,0,0,0.000000000000000, ,0,0, ,0, , ,0,0,0,upland,"Nearby shrubs, Vines on the tree", ,very hard to assess canker on the trunk due to the wetness of the bark making everything appear very dark,0,0,0,0,1,0,1,0,1,0,0,0,0,1,0,0,0,0,0,0,0,0,0,0,0,0,0,0,VT007,10,SxE,281759,-73.243230000407635,44.335010000174584
15,1,15,15,CPVT,62,44.334959999999995,-73.243469999999988,84.500000000000000,Adult,67.8,Co-dominant,Alive,90,Y,No,0,0,5.000000000000000,5,1.500000000000000,1.500000000000000,0,0,0,0,0.000000000000000, ,0,0, ,0, , ,0,0,0,upland,"Nearby shrubs, Vines on the tree", ,hard to assess cankers due to wetness,0,0,0,0,1,0,0,0,1,0,0,0,0,1,0,0,0,0,0,0,0,0,0,1,0,0,0,0,VT007,10,SxE,281759,-73.243469999708850,44.334960000066566
16,1,16,16,CPVT,63,44.334850000000003,-73.243620000000007,30.100000000000001,Adult,36.8,Dominant,Alive,20,Y,Yes,80,80,85.000000000000000,75,5.000000000000000,4.000000000000000,0,0,0,0,0.000000000000000, ,0,0, ,0, , ,0,0,0,upland,"Nearby shrubs, Vines on the tree", , ,0,0,0,0,1,0,0,1,1,0,0,1,0,0,0,0,0,0,1,0,1,0,0,0,0,0,0,0,VT007,10,SxE,281759,-73.243620000395012,44.334849999935862
17,1,17,17,CPVT,75,44.334919999999997,-73.246449999999996,39.000000000000000,Adult,11.4,Co-dominant,Alive,100,Y,No,8,5,7.000000000000000,20,1.500000000000000,1.000000000000000,0,0,0,0,0.000000000000000, ,0,0, ,0, , ,0,0,0,upland,Nearby shrubs, , ,0,0,0,0,0,0,0,1,0,1,0,0,0,1,0,1,0,0,1,0,0,0,0,0,1,0,0,0,VT007,10,GgC,281698,-73.246449999865462,44.334919999692438
18,1,18,18,CPVT,76,44.335059999999999,-73.246479999999991,19.500000000000000,Adult,9.2,Co-dominant,Alive,100,Y,Yes,15,10,20.000000000000000,55,3.000000000000000,1.000000000000000,0,0,0,0,0.000000000000000, ,0,0, ,0, , ,0,0,0,upland,Nearby shrubs, , ,1,0,0,0,0,0,0,1,0,1,0,0,0,0,0,0,0,0,1,0,0,1,1,0,0,0,0,0,VT007,10,GgC,281698,-73.246480000002691,44.335060000239977
19,1,19,19,CPVT,68,44.335459999999998,-73.242580000000004,1.800000000000000,Seedling, , , ,0, , ,0,0,0.000000000000000,0,0.000000000000000,0.000000000000000,96,96,96,96,11.000000000000000,Having been mowed in the past,1,2024,Alive,100,N, ,0,0,0,upland,Nearby grasses or forbs, , ,0,0,0,0,1,0,0,0,1,0,0,0,0,0,0,0,0,0,0,0,1,0,0,0,0,0,0,0,VT007,10,SuD,281757,-73.242580000129337,44.335459999870942
20,1,20,20,CPVT,45,44.335419999999999,-73.242570000000001,2.100000000000000,Seedling, , , ,0, , ,0,0,0.000000000000000,0,0.000000000000000,0.000000000000000,96,96,96,96,14.000000000000000,Having been mowed in the past,3,2022,Alive,95,Y,Y,0,3,35,upland,Nearby grasses or forbs, ,"2 major stems each with 2-3 off shoots, the second one has been mowed each time",0,0,0,0,1,0,0,0,1,0,0,0,0,0,0,0,0,0,0,0,1,0,0,0,0,0,0,0,VT007,10,SuD,281757,-73.242570000083575,44.335419999837868
21,1,21,21,CPVT,39,44.335349999999998,-73.242739999999998,2.200000000000000,Seedling, , , ,0, , ,0,0,0.000000000000000,0,0.000000000000000,0.000000000000000,96,96,96,89,16.000000000000000,Having been mowed in the past,2,2022,Alive,100,Y,Y,5,3,30,upland,"Nearby grasses or forbs, Vines on the tree", ,has 2 main stems that are winding together,0,0,0,0,1,0,0,0,1,0,0,0,0,0,0,0,0,0,0,0,1,0,0,0,0,0,0,0,VT007,10,SuD,281757,-73.242739999962893,44.335350000035618
22,1,22,22,CPVT,69,44.335670000000000,-73.242769999999993,4.400000000000000,Seedling, , , ,0, , ,0,0,0.000000000000000,0,0.000000000000000,0.000000000000000,79,83,96,94,9.500000000000000,Having been mowed in the past,2,2020,Alive,85,Y,N,0,4,40,upland,"Nearby grasses or forbs, Vines on the tree", ,"3 main stems, possible a much larger one that had been mowed. heavy grape vines surrounding base",0,0,0,0,1,0,0,0,1,0,0,0,0,0,0,0,0,0,0,0,1,0,0,0,0,0,0,0,VT007,10,SuD,281757,-73.242770000100151,44.335669999918160
23,1,23,23,CPVT,72,44.335710000000006,-73.242769999999993,3.100000000000000,Seedling, , , ,0, , ,0,0,0.000000000000000,0,0.000000000000000,0.000000000000000,83,95,62,37,18.000000000000000,Having been mowed in the past,3,2022,Alive,95,Y,N,5,1,5,upland,Nearby grasses or forbs, ,2 main stems,0,0,0,0,1,0,0,0,1,0,0,0,0,0,0,0,0,0,0,0,1,0,0,0,0,0,0,0,VT007,10,SuD,281757,-73.242770000100151,44.335709999780697
24,1,24,24,CPVT,70,44.335819999999998,-73.242810000000006,6.100000000000000,Adult,1.3,NA - no canopy,Alive,100,Y,NA - no large cankers present,0,1,2.000000000000000,10,1.000000000000000,1.000000000000000,0,0,0,0,0.000000000000000, ,0,0, ,0, , ,0,0,0,upland,Nearby grasses or forbs, ,3 main stems and many more mowed down that look quite large,0,0,0,0,1,0,0,0,1,0,0,0,0,0,0,0,0,0,0,0,1,0,0,0,0,0,0,0,VT007,10,SuD,281757,-73.242810000283100,44.335820000225709
25,1,25,25,CPVT,71,44.335830000000001,-73.242829999999998,3.900000000000000,Seedling, , , ,0, , ,0,0,0.000000000000000,0,0.000000000000000,0.000000000000000,96,96,96,93,33.000000000000000,Having been mowed in the past,3,2021,Alive,95,Y,N,0,1,5,upland,Nearby grasses or forbs, ,has a large base/ root ball situation with 2 dead stems and 1 live,0,0,0,0,1,0,0,0,1,0,0,0,0,0,0,0,0,0,0,0,1,0,0,0,0,0,0,0,VT007,10,SuD,281757,-73.242830000374553,44.335829999847057
26,1,26,26,CPVT,82,44.335200000000000,-73.246250000000003,1.300000000000000,Seedling, , , ,0, , ,0,0,0.000000000000000,0,0.000000000000000,0.000000000000000,96,58,47,96,8.000000000000000, ,0,2024,Alive,95,Y,N,0,1,25,upland,"Nearby grasses or forbs, Nearby shrubs", , ,0,0,0,0,1,0,0,0,1,0,0,1,0,0,0,0,0,0,0,0,0,1,0,0,0,0,0,0,VT007,10,GeB,281696,-73.246249999848956,44.335199999810747
27,1,27,27,CPVT,81,44.335270000000001,-73.246320000000011,1.300000000000000,Seedling, , , ,0, , ,0,0,0.000000000000000,0,0.000000000000000,0.000000000000000,96,95,89,96,8.000000000000000,Vole (nibbling on the bark),0,2024,Alive,100,Y,Y,50,5,70,upland,Nearby grasses or forbs, , ,0,0,0,0,1,0,0,0,1,0,0,1,0,0,0,0,0,0,0,0,0,1,0,0,0,0,0,0,VT007,10,GeB,281696,-73.246320000169149,44.335269999792068
28,1,28,28,CPVT,79,44.335259999999998,-73.246380000000002,1.700000000000000,Seedling, , , ,0, , ,0,0,0.000000000000000,0,0.000000000000000,0.000000000000000,96,95,93,96,10.000000000000000,Deer browse,0,2024,Alive,100,Y,N,0,2,25,upland,Nearby grasses or forbs, , ,0,0,0,0,1,0,0,0,1,0,0,1,0,0,0,0,0,0,1,0,0,0,0,0,0,0,0,0,VT007,10,GeB,281696,-73.246380000443622,44.335260000075223
29,1,29,29,CPVT,80,44.335230000000003,-73.246320000000011,2.300000000000000,Seedling, , , ,0, , ,0,0,0.000000000000000,0,0.000000000000000,0.000000000000000,96,96,96,92,16.000000000000000, ,0,2024,Alive,100,Y,N,4,0,5,upland,Nearby grasses or forbs, , ,0,0,0,0,1,0,0,0,1,0,0,1,0,0,0,0,0,0,1,0,0,0,0,0,0,0,0,0,VT007,10,GeB,281696,-73.246320000169149,44.335230000271935
30,1,30,30,CPVT,78,44.335210000000004,-73.246459999999999,4.200000000000000,Seedling, , , ,0, , ,0,0,0.000000000000000,0,0.000000000000000,0.000000000000000,96,96,92,91,24.000000000000000,"Deer browse, Having been mowed in the past",1,2022,Alive,100,Y,N,0,1,10,upland,Nearby grasses or forbs, , ,0,0,0,0,1,0,0,0,1,0,0,1,0,0,0,0,0,0,1,0,0,1,0,0,0,0,0,0,VT007,10,GeB,281696,-73.246459999911238,44.335210000180354
31,1,31,31,CPVT,77,44.335200000000000,-73.246469999999988,3.400000000000000,Seedling, , , ,0, , ,0,0,0.000000000000000,0,0.000000000000000,0.000000000000000,96,96,93,91,28.000000000000000,Having been mowed in the past,1,2023,Alive,100,Y,N,0,1,40,upland,Nearby grasses or forbs, , ,0,0,0,0,1,0,0,0,1,0,0,1,0,0,0,0,0,0,1,0,0,1,0,0,0,0,0,0,VT007,10,GeB,281696,-73.246469999957000,44.335199999810747
32,1,32,32,CPVT,83,44.334050000000005,-73.246569999999991,4.200000000000000,Seedling, , , ,0, , ,0,0,0.000000000000000,0,0.000000000000000,0.000000000000000,84,30,32,96,25.000000000000000, ,0,2023,Alive,100,Y,N,0,1,5,upland,Nearby grasses or forbs, , ,1,0,0,0,0,0,0,0,1,0,0,1,0,0,0,0,0,0,1,0,0,0,1,0,0,0,0,1,VT007,10,GgC,281698,-73.246570000414437,44.334049999904551
33,1,33,33,CPVT,84,44.334090000000003,-73.246489999999994,2.700000000000000,Seedling, , , ,0, , ,0,0,0.000000000000000,0,0.000000000000000,0.000000000000000,75,32,49,94,16.000000000000000, ,0,2024,Alive,95,Y,N,10,2,20,upland,Nearby grasses or forbs, , ,1,0,0,0,0,0,0,0,1,0,0,1,0,0,0,0,0,0,1,0,1,0,1,0,0,0,0,1,VT007,10,GgC,281698,-73.246490000048468,44.334090000229573
34,1,34,34,CPVT,85,44.332960000000000,-73.246110000000002,1.300000000000000,Seedling, , , ,0, , ,0,0,0.000000000000000,0,0.000000000000000,0.000000000000000,80,67,63,43,10.000000000000000, ,0,2024,Alive,100,Y,Y,40,0,50,upland,Nearby grasses or forbs, , ,0,0,0,0,0,0,0,0,1,1,0,0,0,1,0,0,0,0,0,0,1,0,0,0,0,0,0,0,VT007,10,GeB,281696,-73.246110000106867,44.332959999983288
35,1,35,35,CPVT,86,44.332920000000001,-73.246120000000005,1.600000000000000,Seedling, , , ,0, , ,0,0,0.000000000000000,0,0.000000000000000,0.000000000000000,96,74,85,96,16.000000000000000, ,0,2024,Alive,85,Y,Y,50,20,60,upland,Nearby grasses or forbs, , ,0,0,0,0,0,0,0,0,1,1,0,0,0,1,0,0,0,0,0,0,1,0,0,0,0,0,0,0,VT007,10,GeB,281696,-73.246120000152573,44.332920000172649
36,1,36,36,CPVT,73,44.332920000000001,-73.246120000000005,15.100000000000000,Adult,7.3,NA - no canopy,Alive,100,N, ,0,0,0.000000000000000,0,0.000000000000000,0.000000000000000,0,0,0,0,0.000000000000000, ,0,0, ,0, , ,0,0,0,upland,Nearby grasses or forbs, ,"has some dead twigs, but not obvious that it’s from canker and no other visible canker",0,0,0,0,1,0,0,0,1,0,0,0,0,0,0,0,0,0,0,0,1,0,0,0,0,0,0,0,VT007,10,GeB,281696,-73.246120000152573,44.332920000172649
37,1,37,37,CPVT,74,44.336300000000001,-73.243009999999998,21.199999999999999,Adult,14.2,Co-dominant,Alive,100,Y,Yes,45,15,20.000000000000000,30,2.500000000000000,1.000000000000000,0,0,0,0,0.000000000000000, ,0,0, ,0, , ,0,0,0,upland,Nearby grasses or forbs, , ,0,0,0,0,1,0,0,0,1,0,0,0,0,0,0,0,0,0,0,0,1,0,0,0,0,0,0,0,VT007,10,SuD,281757,-73.243010000299662,44.336300000045163
38,1,38,38,CPVT,61,44.329999999999998,-73.239999999999995,54.700000000000003,Adult,58.6,Intermediate,Alive,90,Y,Yes,60,5,5.000000000000000,20,3.000000000000000,2.000000000000000,0,0,0,0,0.000000000000000, ,0,0, ,0, , ,0,0,0,upland,Vines on the tree, , ,0,0,0,0,0,0,0,0,1,0,0,1,1,0,0,0,0,0,0,0,1,0,0,0,0,0,0,0,VT007,10,Cv,281682,-73.240000000005764,44.330000000065709
39,1,39,39,CPVT,60,44.333320000000001,-73.246260000000007,51.299999999999997,Adult,48.5,Intermediate,Alive,75,Y,Yes,95,50,40.000000000000000,50,3.500000000000000,2.500000000000000,0,0,0,0,0.000000000000000, ,0,0, ,0, , ,0,0,0,upland,Nearby grasses or forbs, ,Jim has photos of leaves,0,0,0,0,0,0,0,0,1,0,0,1,1,1,0,0,0,0,0,0,1,0,0,0,0,0,0,0,VT007,10,GeB,281696,-73.246259999894733,44.333320000264379
40,1,40,40,CPVT,58,44.333120000000001,-73.246110000000002,50.200000000000003,Adult,33,Intermediate,Alive,95,Y,Yes,90,60,50.000000000000000,60,3.500000000000000,1.500000000000000,0,0,0,0,0.000000000000000, ,0,0, ,0, , ,0,0,0,upland,Vines on the tree, ,3 main stems that split just above the base,0,0,0,0,0,0,0,0,1,0,0,1,0,1,0,0,0,0,0,0,1,0,0,0,0,0,0,0,VT007,10,GeB,281696,-73.246110000106867,44.333120000238246
41,1,41,41,CPVT,59,44.333340000000000,-73.245990000000006,61.500000000000000,Adult,60,Intermediate,Alive,90,Y,Yes,15,10,10.000000000000000,25,1.000000000000000,2.000000000000000,0,0,0,0,0.000000000000000, ,0,0, ,0, , ,0,0,0,upland,Vines on the tree, , ,0,0,0,0,0,0,0,0,1,0,0,1,0,1,0,0,0,0,0,0,1,0,0,0,0,0,0,0,VT007,10,GeB,281696,-73.245989999557978,44.333339999715463
42,1,42,42,CPVT,90,44.332610000000003,-73.246009999999998,63.600000000000001,Adult,51.3,Intermediate,Alive,90,Y,NA - no large cankers present,5,0,5.000000000000000,15,1.000000000000000,1.500000000000000,0,0,0,0,0.000000000000000, ,0,0, ,0, , ,0,0,0,upland,Other,maple tree is competing heavily,we saw 1 seed,0,0,0,0,0,0,0,0,1,0,0,0,0,0,0,0,0,0,1,0,1,0,0,0,0,0,0,0,VT007,10,GeB,281696,-73.246009999649431,44.332610000233011
43,1,43,43,CPVT,89,44.332799999999999,-73.246089999999995,24.800000000000001,Adult,14.5,NA - no canopy,Alive,90,Y,Yes,10,5,5.000000000000000,45,1.000000000000000,1.000000000000000,0,0,0,0,0.000000000000000, ,0,0, ,0, , ,0,0,0,upland,Vines on the tree, ,heavy grape vines,0,0,0,0,0,0,0,0,1,1,0,0,0,0,0,0,0,0,1,0,1,0,0,0,0,0,0,0,VT007,10,GeB,281696,-73.246090000015386,44.332799999934387
44,1,44,44,CPVT,87,44.332960000000000,-73.246129999999994,8.000000000000000,Adult,2.2,NA - no canopy,Alive,80,Y,No,55,3,5.000000000000000,25,1.500000000000000,2.000000000000000,0,0,0,0,0.000000000000000, ,0,0, ,0, , ,0,0,0,upland,Nearby grasses or forbs, ,one main stem and 4 others clustered,0,0,0,0,0,0,0,0,1,1,0,0,0,0,0,0,0,0,1,0,1,0,0,0,0,0,0,0,VT007,10,GeB,281696,-73.246130000198349,44.332959999983288
122,1,122,386,CPVT,179,44.330576000000001,-73.242716000000001,1.250000000000000,Seedling, , , ,0, , ,0,0,0.000000000000000,0,0.000000000000000,0.000000000000000,96,79,76,96,7.250000000000000, ,0,2025,Alive,3,Y,N,0,10,25,upland,Nearby grasses or forbs, , ,0,0,0,0,0,0,0,0,1,0,0,0,0,0,0,0,0,0,0,0,1,0,0,0,0,0,0,0,VT007,10,SuB,281755,-73.242715999673479,44.330575999995553
45,1,45,45,CPVT,88,44.332910000000005,-73.246129999999994,13.100000000000000,Adult,4.2,NA - no canopy,Alive,90,Y,No,5,5,19.000000000000000,10,1.000000000000000,2.000000000000000,0,0,0,0,0.000000000000000, ,0,0, ,0, , ,0,0,0,upland,Nearby grasses or forbs, ,low split with 2 main branches,0,0,0,0,0,0,0,0,1,1,0,0,0,0,0,0,0,0,1,0,1,0,0,0,0,0,0,0,VT007,10,GeB,281696,-73.246130000198349,44.332910000055087
46,1,46,46,CPVT,30,44.332400000000000,-73.246669999999995,66.799999999999997,Adult,42.5,Intermediate,Alive,95,Y,Yes,10,5,5.000000000000000,1,1.000000000000000,2.000000000000000,0,0,0,0,0.000000000000000, ,0,0, ,0, , ,0,0,0,upland,None apparent, , ,1,0,0,0,0,0,0,0,1,0,0,0,1,0,0,0,0,0,1,0,1,0,0,0,0,0,0,0,VT007,10,SuC,281756,-73.246669999973506,44.332400000151303
47,1,47,47,CPVT,28,44.332079999999998,-73.247140000000002,70.299999999999997,Adult,53.3,Intermediate,Alive,95,Y,Yes,15,0,0.000000000000000,0,1.000000000000000,1.500000000000000,0,0,0,0,0.000000000000000, ,0,0, ,0, , ,0,0,0,upland,Other,adjacent trees, ,1,0,0,0,0,0,0,0,1,0,0,0,0,0,0,0,0,0,1,0,1,0,0,0,0,0,0,0,VT007,10,GgC,281698,-73.247140000326823,44.332079999774230
48,1,48,48,CPVT,29,44.332300000000004,-73.247129999999999,73.900000000000006,Adult,"43.6, 30.7",Intermediate,Alive,55,Y,Yes,60,19,20.000000000000000,25,2.000000000000000,2.500000000000000,0,0,0,0,0.000000000000000, ,0,0, ,0, , ,0,0,0,upland,None apparent, ,low split with 2 main branches,1,0,0,0,0,0,0,0,1,1,0,0,0,0,0,0,0,0,1,0,1,0,0,0,0,0,0,0,VT007,10,SuC,281756,-73.247130000281075,44.332299999939920
49,1,49,49,CPVT,100,44.332039999999999,-73.247280000000003,70.000000000000000,Adult,44.2,Intermediate,Alive,80,Y,Yes,70,60,60.000000000000000,50,4.000000000000000,2.000000000000000,0,0,0,0,0.000000000000000, ,0,0, ,0, , ,0,0,0,upland,Vines on the tree, , ,1,0,0,0,0,0,0,0,1,1,0,0,0,0,0,0,0,0,1,0,1,0,0,0,0,0,0,0,VT007,10,GgC,281698,-73.247280000068841,44.332040000005875
50,1,50,50,CPVT,91,44.331830000000004,-73.247290000000007,69.500000000000000,Adult,33.2,Intermediate,Alive,80,Y,Yes,65,20,35.000000000000000,55,3.000000000000000,2.000000000000000,0,0,0,0,0.000000000000000, ,0,0, ,0, , ,0,0,0,upland,None apparent, , ,1,0,0,0,0,0,0,0,0,0,0,0,1,0,0,0,0,0,1,0,1,0,0,0,0,0,0,0,VT007,10,GgC,281698,-73.247290000114617,44.331829999810829
51,1,51,51,CPVT,93,44.331779999999995,-73.247610000000009,73.900000000000006,Adult,38.5,Intermediate,Alive,60,Y,Yes,60,5,10.000000000000000,5,3.000000000000000,3.000000000000000,0,0,0,0,0.000000000000000, ,0,0, ,0, , ,0,0,0,upland,Other,competing with adjacent trees, ,0,0,0,0,0,0,0,0,1,0,0,0,0,0,0,0,0,0,1,0,1,0,0,0,0,0,0,0,VT007,10,GgC,281698,-73.247609999781787,44.331780000204333
52,1,52,52,CPVT,92,44.331930000000000,-73.247180000000000,63.399999999999999,Adult,46.5,Intermediate,Alive,49,Y,Yes,65,40,55.000000000000000,50,3.000000000000000,3.500000000000000,0,0,0,0,0.000000000000000, ,0,0, ,0, , ,0,0,0,upland,Nearby shrubs, ,branch on the ground that likely died/ fell this year with 1 aborted seed but we didn’t see any others,0,0,0,0,0,0,0,0,1,0,0,0,1,0,0,0,0,0,1,0,1,0,0,0,0,0,0,0,VT007,10,GgC,281698,-73.247179999611475,44.331930000181082
53,1,53,53,CPVT,94,44.332059999999998,-73.247709999999998,69.900000000000006,Adult,39.9,Intermediate,Alive,95,Y,Yes,50,7,5.000000000000000,2,2.000000000000000,1.000000000000000,0,0,0,0,0.000000000000000, ,0,0, ,0, , ,0,0,0,upland,Other,adjacent trees,hard to see canopy,1,0,0,0,0,0,0,0,1,0,0,0,0,0,0,0,0,0,1,0,1,0,0,0,0,0,0,0,VT007,10,SuC,281756,-73.247710000239152,44.332059999893460
54,1,54,54,CPVT,95,44.332070000000002,-73.248000000000005,45.000000000000000,Adult,38.4,Intermediate,Alive,20,Y,Yes,90,70,80.000000000000000,50,4.500000000000000,4.000000000000000,0,0,0,0,0.000000000000000, ,0,0, ,0, , ,0,0,0,upland,Vines on the tree, , ,1,0,0,0,0,0,0,0,1,0,0,0,0,0,0,0,0,0,1,0,1,0,0,0,0,0,0,0,VT007,10,SuC,281756,-73.247999999769092,44.332070000155966
55,1,55,55,CPVT,96,44.331910000000001,-73.248820000000009,65.299999999999997,Adult,50.5,Co-dominant,Alive,70,Y,Yes,75,40,45.000000000000000,50,3.500000000000000,3.500000000000000,0,0,0,0,0.000000000000000, ,0,0, ,0, , ,0,0,0,upland,Vines on the tree, , ,0,0,0,0,0,0,0,0,0,0,0,0,0,0,0,0,0,0,0,0,0,0,0,0,0,0,0,0,VT007,10,GgC,281698,-73.248819999926766,44.331910000249202
56,1,56,56,CPVT,97,44.331930000000000,-73.248850000000004,54.100000000000001,Adult,25.6,Co-dominant,Alive,65,Y,Yes,15,20,25.000000000000000,25,2.000000000000000,2.000000000000000,0,0,0,0,0.000000000000000, ,0,0, ,0, , ,0,0,0,upland,Vines on the tree, ,lots of vines,1,0,0,0,0,0,0,0,1,0,0,0,0,0,0,0,0,0,1,0,1,0,0,0,0,0,0,0,VT007,10,GgC,281698,-73.248850000063953,44.331930000181082
57,1,57,57,CPVT,98,44.332000000000001,-73.248980000000003,65.200000000000003,Adult,32,Co-dominant,Alive,60,Y,Yes,25,30,50.000000000000000,15,3.500000000000000,2.500000000000000,0,0,0,0,0.000000000000000, ,0,0, ,0, , ,0,0,0,upland,Vines on the tree, , ,1,0,0,0,0,0,0,0,1,0,0,0,0,0,0,0,0,0,1,0,1,0,0,0,0,0,0,0,VT007,10,GgC,281698,-73.248979999760323,44.332000000210279
58,1,58,58,CPVT,99,44.332000000000001,-73.249069999999989,65.200000000000003,Adult,48.6,Co-dominant,Alive,30,Y,Yes,40,30,40.000000000000000,20,2.500000000000000,3.500000000000000,0,0,0,0,0.000000000000000, ,0,0, ,0, , ,0,0,0,upland,Vines on the tree, , ,1,0,0,0,0,0,0,0,1,0,0,0,0,0,0,0,0,0,1,0,1,0,0,0,0,0,0,0,VT007,10,GgC,281698,-73.249070000171997,44.332000000210279
59,1,59,59,CPVT,49,44.332479999999997,-73.247660000000010,30.300000000000001,Adult,19.4,Co-dominant,Alive,90,Y,Yes,95,60,60.000000000000000,40,4.000000000000000,2.500000000000000,0,0,0,0,0.000000000000000, ,0,0, ,0, , ,0,0,0,upland,Nearby shrubs, , ,0,0,0,0,0,0,0,0,1,0,0,0,0,0,0,1,0,0,1,0,1,0,0,0,0,0,0,0,VT007,10,SuC,281756,-73.247660000010455,44.332479999812158
75,1,75,296,CPVT,102,44.332292000000002,-73.241443000000004,42.799999999999997,Adult,27.7,Co-dominant,Alive,90,Y,NA - no large cankers present,20,0,5.000000000000000,20,1.500000000000000,1.000000000000000,0,0,0,0,0.000000000000000, ,0,0, ,0, , ,0,0,0,upland,Nearby shrubs, , ,0,0,0,0,0,0,0,1,1,0,0,0,0,1,0,0,0,0,0,0,0,0,0,0,0,0,0,0,VT007,10,SuB,281755,-73.241442999779281,44.332292000018413
60,1,60,60,CPVT,50,44.332550000000005,-73.247699999999995,39.500000000000000,Adult,39.5,Co-dominant,Alive,30,Y,Yes,96,75,70.000000000000000,60,5.000000000000000,4.500000000000000,0,0,0,0,0.000000000000000, ,0,0, ,0, , ,0,0,0,upland,Vines on the tree, ,3 different kinds of vines on the tree,0,0,0,0,0,0,0,0,1,0,0,0,0,0,0,1,0,0,1,0,1,0,0,0,0,0,0,0,VT007,10,SuC,281756,-73.247700000193447,44.332549999827449
61,1,61,61,CPVT,31,44.332619999999999,-73.247929999999997,2.200000000000000,Seedling, , , ,0, , ,0,0,0.000000000000000,0,0.000000000000000,0.000000000000000,96,96,94,96,14.800000000000001,Deer browse,1,2021,Alive,80,N, ,0,0,0,upland,Nearby grasses or forbs, ,"clear signs of damage at base, Dale says this is not canker",0,0,0,0,0,0,0,0,1,0,0,0,0,0,0,0,0,0,0,0,1,0,0,0,0,0,0,0,VT007,10,SuC,281756,-73.247930000347196,44.332619999759210
62,1,62,62,CPVT,32,44.332619999999999,-73.247910000000005,1.600000000000000,Seedling, , , ,0, , ,0,0,0.000000000000000,0,0.000000000000000,0.000000000000000,96,96,90,96,11.100000000000000, ,1,2022,Alive,90,Y,N,25,0,25,upland,Nearby grasses or forbs, , ,0,0,0,0,0,0,0,0,1,0,0,0,0,0,0,0,0,0,0,0,1,0,0,0,0,0,0,0,VT007,10,SuC,281756,-73.247910000255715,44.332619999759210
63,1,63,63,CPVT,33,44.332479999999997,-73.248099999999994,2.100000000000000,Seedling, , , ,0, , ,0,0,0.000000000000000,0,0.000000000000000,0.000000000000000,96,90,93,96,9.800000000000001,Deer browse,3,2021,Alive,70,N, ,0,0,0,upland,Nearby grasses or forbs, ,second stem 9.2mm basal diameter,0,0,0,0,0,0,0,0,1,0,0,0,0,0,0,0,0,0,0,0,1,0,0,0,0,0,0,0,VT007,10,SuC,281756,-73.248100000226529,44.332479999812158
64,1,64,64,CPVT,36,44.332479999999997,-73.248010000000008,36.899999999999999,Adult,20.6,Co-dominant,Alive,100,Y,Yes,0,20,30.000000000000000,30,1.500000000000000,1.000000000000000,0,0,0,0,0.000000000000000, ,0,0, ,0, , ,0,0,0,upland,Vines on the tree, , ,0,0,0,0,0,0,0,0,1,0,0,0,0,0,0,0,0,0,0,0,1,0,0,0,0,0,0,0,VT007,10,SuC,281756,-73.248009999814855,44.332479999812158
65,1,65,65,CPVT,34,44.332500000000003,-73.248339999999999,1.600000000000000,Seedling, , , ,0, , ,0,0,0.000000000000000,0,0.000000000000000,0.000000000000000,96,95,49,85,6.100000000000000,Rabbit browse,1,2022,Alive,90,N, ,0,0,0,upland,Nearby grasses or forbs, , ,0,0,0,0,0,0,0,0,1,0,0,0,1,0,0,0,0,0,1,0,1,0,0,0,0,0,0,0,VT007,10,SuC,281756,-73.248340000426055,44.332500000192219
66,1,66,66,CPVT,35,44.332470000000001,-73.248420000000010,1.700000000000000,Seedling, , , ,0, , ,0,0,0.000000000000000,0,0.000000000000000,0.000000000000000,96,96,91,96,8.699999999999999,Deer browse,1,2022,Alive,90,N, ,0,0,0,upland,Nearby grasses or forbs, , ,0,0,0,0,0,0,0,0,1,0,0,0,1,0,0,0,0,0,1,0,1,0,0,0,0,0,0,0,VT007,10,SuC,281756,-73.248419999893642,44.332470000262092
67,1,67,67,CPVT,52,44.332370000000004,-73.248689999999996,56.899999999999999,Adult,35.7,Co-dominant,Alive,90,Y,Yes,50,25,20.000000000000000,40,3.000000000000000,1.500000000000000,0,0,0,0,0.000000000000000, ,0,0, ,0, , ,0,0,0,upland,Vines on the tree, ,"4 main stems, dbh of 3 smaller ones: 33.8, 27.2, 23.4 cm",0,0,0,0,0,0,0,0,1,0,0,0,0,0,0,1,0,0,1,0,1,0,0,0,0,0,0,0,VT007,10,SuC,281756,-73.248690000230397,44.332370000170059
68,1,68,68,CPVT,101,44.332259999999998,-73.248679999999993,61.100000000000001,Adult,30.7,Co-dominant,Alive,60,Y,Yes,60,40,30.000000000000000,50,3.000000000000000,3.000000000000000,0,0,0,0,0.000000000000000, ,0,0, ,0, , ,0,0,0,upland,Vines on the tree, ,"2 main stems, second dbh 30.2",0,0,0,0,0,0,0,0,1,0,0,0,0,0,0,1,0,0,1,0,1,0,0,0,0,0,0,0,VT007,10,SuC,281756,-73.248680000184692,44.332259999679124
69,1,69,69,CPVT,51,44.332419999999999,-73.248739999999998,54.600000000000001,Adult,26.1,Co-dominant,Alive,90,Y,Yes,50,50,45.000000000000000,45,4.000000000000000,1.500000000000000,0,0,0,0,0.000000000000000, ,0,0, ,0, , ,0,0,0,upland,Vines on the tree, , ,0,0,0,0,0,0,0,0,1,0,0,0,0,0,0,1,0,0,1,0,1,0,0,0,0,0,0,0,VT007,10,SuC,281756,-73.248739999560811,44.332419999916127
70,1,70,70,CPVT,53,44.332259999999998,-73.249069999999989,54.200000000000003,Adult,30.9,Co-dominant,Alive,20,Y,Yes,95,40,30.000000000000000,80,3.000000000000000,4.000000000000000,0,0,0,0,0.000000000000000, ,0,0, ,0, , ,0,0,0,upland,Vines on the tree, , ,0,0,0,0,0,0,0,0,1,0,0,0,0,0,0,0,0,0,1,0,1,0,0,0,0,0,0,0,VT007,10,GgC,281698,-73.249070000171997,44.332259999679124
71,1,71,71,CPVT,54,44.332230000000003,-73.249169999999992,55.000000000000000,Adult,30.1,Intermediate,Alive,50,Y,Yes,60,35,20.000000000000000,35,2.000000000000000,3.500000000000000,0,0,0,0,0.000000000000000, ,0,0, ,0, , ,0,0,0,upland,Vines on the tree, , ,0,0,0,0,0,0,0,0,1,0,0,0,0,0,0,0,0,0,1,0,1,0,0,0,0,0,0,0,VT007,10,GgC,281698,-73.249169999731137,44.332230000268744
72,1,72,72,CPVT,55,44.332340000000002,-73.249039999999994,57.000000000000000,Adult,38.9,Co-dominant,Alive,85,Y,Yes,85,50,35.000000000000000,65,4.000000000000000,2.000000000000000,0,0,0,0,0.000000000000000, ,0,0, ,0, , ,0,0,0,upland,Vines on the tree, ,second main stem dbh 20.3 cm,0,0,0,0,0,0,0,0,1,0,0,0,0,0,0,0,0,0,1,0,1,0,0,0,0,0,0,0,VT007,10,GgC,281698,-73.249040000034810,44.332340000173431
73,1,73,73,CPVT,56,44.332510000000006,-73.249139999999997,52.500000000000000,Adult,37.2,Co-dominant,Alive,15,Y,Yes,70,60,55.000000000000000,70,4.000000000000000,4.500000000000000,0,0,0,0,0.000000000000000, ,0,0, ,0, , ,0,0,0,upland,Vines on the tree, , ,0,0,0,0,0,0,0,0,1,0,0,0,0,0,0,0,0,0,1,0,1,0,0,0,0,0,0,0,VT007,10,PaB,281736,-73.249139999593893,44.332509999737177
74,1,74,74,CPVT,57,44.332510000000006,-73.249129999999994,53.000000000000000,Adult,39.2,Co-dominant,Alive,10,Y,Yes,65,50,70.000000000000000,60,4.000000000000000,5.000000000000000,0,0,0,0,0.000000000000000, ,0,0, ,0, , ,0,0,0,upland,"Nearby shrubs, Vines on the tree", , ,0,0,0,0,0,0,0,0,1,0,0,0,0,0,0,0,0,0,1,0,1,1,0,0,0,0,0,0,VT007,10,PaB,281736,-73.249130000446485,44.332509999737177
121,1,121,385,CPVT,178,44.330659999999995,-73.243188000000004,1.080000000000000,Seedling, , , ,0, , ,0,0,0.000000000000000,0,0.000000000000000,0.000000000000000,96,96,96,96,4.230000000000000, ,0,2025,Alive,10,Y,N,0,1,5,upland,Nearby grasses or forbs, , ,0,0,0,0,0,0,0,0,1,0,0,0,0,0,0,0,0,0,0,0,1,0,0,0,0,0,0,0,VT007,10,SxE,281759,-73.243187999676536,44.330660000289072
76,1,76,297,CPVT,103,44.332272000000003,-73.241713999999988,44.899999999999999,Adult,40.9,Co-dominant,Alive,75,Y,Yes,40,5,5.000000000000000,35,1.500000000000000,3.000000000000000,0,0,0,0,0.000000000000000, ,0,0, ,0, , ,0,0,0,upland,"Nearby shrubs, Vines on the tree", , ,1,0,0,0,0,0,0,0,1,0,0,0,0,0,0,0,0,0,0,0,0,0,0,0,0,0,0,0,VT007,10,SuB,281755,-73.241713999940913,44.332272000210040
77,1,77,298,CPVT,104,44.331616000000004,-73.240994000000001,34.100000000000001,Adult,24.3,Dominant,Alive,100,Y,NA - no large cankers present,5,0,0.000000000000000,0,1.000000000000000,1.000000000000000,0,0,0,0,0.000000000000000, ,0,0, ,0, , ,0,0,0,upland,"Nearby shrubs, Vines on the tree", ,behind park bench,1,1,0,0,0,0,0,0,0,0,0,0,0,0,0,0,0,0,0,0,0,0,0,0,0,0,0,0,VT007,10,SuB,281755,-73.240994000240718,44.331616000141999
78,1,78,299,CPVT,105,44.331570999999997,-73.242143999999996,37.200000000000003,Adult,33.7,Dominant,Alive,65,Y,Yes,40,0,5.000000000000000,30,2.000000000000000,2.500000000000000,0,0,0,0,0.000000000000000, ,0,0, ,0, , ,0,0,0,upland,Nearby grasses or forbs, , ,0,0,0,0,0,0,0,0,1,0,0,0,0,0,0,0,0,0,0,0,1,0,0,0,0,0,0,0,VT007,10,SuB,281755,-73.242144000111224,44.331571000205358
79,1,79,300,CPVT,106,44.331648000000001,-73.242176000000001,31.199999999999999,Adult,17.1,Dominant,Alive,75,Y,NA - no large cankers present,45,0,1.000000000000000,45,1.500000000000000,2.000000000000000,0,0,0,0,0.000000000000000, ,0,0, ,0, , ,0,0,0,upland,Nearby grasses or forbs, ,"9.9, 14.5 are dbh of other 2 stems - likely all sprouts from a previous dead tree. assessed largest one.crown mostly yellow from fall senescence",0,0,0,0,0,0,0,0,0,0,0,1,0,0,0,0,0,0,0,0,1,0,0,0,0,0,0,0,VT007,10,SuB,281755,-73.242175999898251,44.331648000190249
80,1,80,301,CPVT,107,44.331625000000003,-73.242204999999998,31.199999999999999,Adult,14.6,Intermediate,Alive,50,Y,Yes,75,30,35.000000000000000,60,3.500000000000000,4.000000000000000,0,0,0,0,0.000000000000000, ,0,0, ,0, , ,0,0,0,upland,Nearby grasses or forbs, , ,0,0,0,0,0,0,0,0,1,0,0,0,1,0,0,1,0,0,0,0,1,0,0,0,0,0,0,0,VT007,10,SuB,281755,-73.242205000210561,44.331624999996677
81,1,81,302,CPVT,108,44.331783999999999,-73.242083000000008,49.399999999999999,Adult,26.4,Dominant,Alive,75,Y,Yes,30,2,2.000000000000000,30,1.500000000000000,2.000000000000000,0,0,0,0,0.000000000000000, ,0,0, ,0, , ,0,0,0,upland,Nearby grasses or forbs, , ,0,0,0,0,0,0,0,0,1,0,0,1,0,0,0,0,0,0,0,0,1,0,0,0,0,0,0,0,VT007,10,SuB,281755,-73.242083000011860,44.331784000200138
82,1,82,303,CPVT,109,44.331775000000000,-73.242196999999990,38.200000000000003,Adult,25.1,Co-dominant,Alive,75,Y,Yes,60,0,10.000000000000000,65,2.500000000000000,2.500000000000000,0,0,0,0,0.000000000000000, ,0,0, ,0, , ,0,0,0,upland,Nearby grasses or forbs, ,23.5 is other dbh. these are likely joined below ground- weird wandering trunk!,0,0,0,0,0,0,0,0,1,0,0,0,0,0,0,0,0,0,0,0,1,0,0,0,0,0,0,0,VT007,10,SuB,281755,-73.242196999814666,44.331774999727322
83,1,83,304,CPVT,110,44.331642000000002,-73.242573000000007,30.899999999999999,Adult,26.4,Dominant,Alive,50,Y,Yes,90,0,65.000000000000000,75,4.000000000000000,4.000000000000000,0,0,0,0,0.000000000000000, ,0,0, ,0, , ,0,0,0,upland,"Nearby grasses or forbs, Nearby shrubs", ,16.8 is dbh of other stem. These split about 1 ft above ground,1,0,0,0,0,0,0,0,1,0,0,0,0,0,0,0,0,0,0,0,1,0,0,0,0,0,0,1,VT007,10,SuB,281755,-73.242572999558305,44.331641999861183
84,1,84,305,CPVT,111,44.331600999999999,-73.242457000000002,36.500000000000000,Adult,28.9,Dominant,Alive,75,Y,Yes,70,15,8.000000000000000,55,2.500000000000000,2.500000000000000,0,0,0,0,0.000000000000000, ,0,0, ,0, , ,0,0,0,upland,"Nearby grasses or forbs, Nearby shrubs", ,3 stems total. Other dbh are 27.8 and 23.6.,0,0,0,0,0,0,0,0,1,0,0,0,0,0,0,0,0,0,0,0,1,1,0,0,0,0,0,0,VT007,10,SuB,281755,-73.242457000105645,44.331600999952876
85,1,85,306,CPVT,112,44.331679999999999,-73.242682000000002,42.399999999999999,Adult,19.3,Co-dominant,Alive,75,Y,Yes,40,20,20.000000000000000,40,2.500000000000000,2.500000000000000,0,0,0,0,0.000000000000000, ,0,0, ,0, , ,0,0,0,upland,Nearby shrubs, ,Other dbh 18.0. These split below ground.,1,0,0,0,0,0,0,0,1,0,0,1,0,0,0,0,0,0,0,0,0,0,0,0,0,0,0,1,VT007,10,SuB,281755,-73.242682000236584,44.331680000220935
86,1,86,307,CPVT,113,44.331629000000000,-73.242801999999998,28.000000000000000,Adult,9.3,Suppressed,Alive,50,Y,Yes,50,20,20.000000000000000,55,3.500000000000000,4.000000000000000,0,0,0,0,0.000000000000000, ,0,0, ,0, , ,0,0,0,upland,Nearby grasses or forbs, , ,1,0,0,0,0,0,0,0,0,0,0,1,0,0,0,0,0,0,0,0,1,0,0,0,0,0,0,1,VT007,10,SuD,281757,-73.242801999887192,44.331629000003097
87,1,87,308,CPVT,114,44.331496999999999,-73.242857000000001,44.899999999999999,Adult,36.4,Dominant,Alive,75,Y,Yes,40,0,3.000000000000000,35,2.000000000000000,2.500000000000000,0,0,0,0,0.000000000000000, ,0,0, ,0, , ,0,0,0,upland,Nearby grasses or forbs, , ,1,0,0,0,0,0,0,0,1,0,0,0,0,0,0,0,0,0,0,0,1,0,0,0,0,0,0,0,VT007,10,SuB,281755,-73.242857000138713,44.331497000291598
88,1,88,309,CPVT,115,44.331500999999996,-73.242948000000013,34.899999999999999,Adult,28.2,Dominant,Alive,85,Y,Yes,60,0,60.000000000000000,65,4.000000000000000,2.500000000000000,0,0,0,0,0.000000000000000, ,0,0, ,0, , ,0,0,0,upland,"Nearby grasses or forbs, Vines on the tree", , ,0,0,0,0,0,0,0,0,1,0,0,0,0,0,0,0,0,0,0,0,1,0,0,0,0,0,0,0,VT007,10,SuD,281757,-73.242948000375378,44.331501000306709
89,1,89,310,CPVT,116,44.331251000000002,-73.242839000000004,42.000000000000000,Adult,31,Dominant,Alive,85,Y,Yes,35,8,8.000000000000000,25,2.500000000000000,2.000000000000000,0,0,0,0,0.000000000000000, ,0,0, ,0, , ,0,0,0,upland,Nearby grasses or forbs, , ,0,0,0,0,0,0,0,0,0,0,0,0,0,0,0,0,0,0,0,0,1,0,0,0,0,0,0,0,VT007,10,SuB,281755,-73.242838999697099,44.331250999802982
90,1,90,311,CPVT,117,44.330987999999998,-73.242857000000001,41.000000000000000,Adult,48.4,Dominant,Alive,90,Y,Yes,35,0,10.000000000000000,30,2.000000000000000,1.500000000000000,0,0,0,0,0.000000000000000, ,0,0, ,0, , ,0,0,0,upland,"Nearby shrubs, Vines on the tree", , ,0,0,0,0,0,0,0,0,0,0,0,0,0,0,0,0,0,0,0,0,1,0,0,0,0,0,0,0,VT007,10,SxE,281759,-73.242857000138713,44.330988000161057
91,1,91,312,CPVT,118,44.330896000000003,-73.242834999999999,35.000000000000000,Adult,27.1,Dominant,Alive,85,Y,Yes,50,25,30.000000000000000,70,3.000000000000000,2.000000000000000,0,0,0,0,0.000000000000000, ,0,0, ,0, , ,0,0,0,upland,"Nearby grasses or forbs, Vines on the tree", , ,0,0,0,0,0,0,0,0,1,0,0,0,0,0,0,0,0,0,0,0,1,0,0,0,0,0,0,0,VT007,10,SxE,281759,-73.242835000397449,44.330896000225344
92,1,92,336,CPVT,119,44.331859999999999,-73.241869999999992,25.300000000000001,Adult,10.9,Dominant,Alive,0,Y,Yes,75,0,30.000000000000000,50,3.000000000000000,2.000000000000000,0,0,0,0,0.000000000000000, ,0,0, ,0, , ,0,0,0,upland,Nearby grasses or forbs, ,no leaves due to  regular senescence so dieback is not known,0,0,0,0,0,0,0,0,0,1,0,1,1,0,0,0,0,0,0,0,0,0,0,0,0,0,0,0,VT007,10,SuB,281755,-73.241869999576508,44.331860000068389
93,1,93,337,CPVT,120,44.330750000000002,-73.242760000000004,38.000000000000000,Adult,32,Dominant,Alive,65,Y,Yes,40,0,20.000000000000000,50,3.000000000000000,2.000000000000000,0,0,0,0,0.000000000000000, ,0,0, ,0, , ,0,0,0,upland,Nearby grasses or forbs, ,dark grey bark,0,0,0,0,0,0,0,0,0,0,0,0,0,0,0,0,0,0,0,0,1,0,0,0,0,0,0,0,VT007,10,SxE,281759,-73.242760000054375,44.330750000240712
94,1,94,338,CPVT,121,44.330750000000002,-73.242720000000006,44.799999999999997,Adult,53.8,Dominant,Alive,50,Y,Yes,45,20,15.000000000000000,50,3.000000000000000,3.000000000000000,0,0,0,0,0.000000000000000, ,0,0, ,0, , ,0,0,0,upland,"Nearby grasses or forbs, Nearby shrubs", , ,0,0,0,0,0,0,0,0,1,0,0,0,0,0,0,0,0,0,0,0,1,0,0,0,0,0,0,0,VT007,10,SuB,281755,-73.242719999871426,44.330750000240712
95,1,95,339,CPVT,122,44.330579999999998,-73.242779999999996,43.600000000000001,Adult,55,Dominant,Alive,50,Y,Yes,25,0,15.000000000000000,15,2.000000000000000,3.000000000000000,0,0,0,0,0.000000000000000, ,0,0, ,0, , ,0,0,0,upland,"Nearby grasses or forbs, Vines on the tree", ,live crown my be underestimated by natural senescence,0,0,0,0,0,0,0,0,1,0,0,0,0,0,0,0,0,0,0,0,1,0,0,0,0,0,0,0,VT007,10,SxE,281759,-73.242780000145856,44.330580000073383
96,1,96,340,CPVT,123,44.330269999999999,-73.242580000000004,47.799999999999997,Adult,59.9,Dominant,Alive,85,Y,Yes,10,10,10.000000000000000,5,1.500000000000000,2.000000000000000,0,0,0,0,0.000000000000000, ,0,0, ,0, , ,0,0,0,upland,Nearby grasses or forbs, ,dark bark,0,0,0,0,0,0,0,0,1,0,0,0,0,0,0,0,0,0,0,0,1,0,0,0,0,0,0,0,VT007,10,SuB,281755,-73.242580000129337,44.330269999974092
97,1,97,341,CPVT,124,44.330860000000001,-73.243539999999996,55.000000000000000,Adult,70.9,Co-dominant,Alive,75,Y,Yes,15,7,5.000000000000000,5,1.500000000000000,2.000000000000000,0,0,0,0,0.000000000000000, ,0,0, ,0, , ,0,0,0,upland,Nearby grasses or forbs, ,dark grey bark good looking tree,0,0,0,0,0,0,0,0,1,0,0,0,0,0,0,0,0,0,0,0,1,0,0,0,0,0,0,0,VT007,10,SxE,281759,-73.243540000029043,44.330859999708373
98,1,98,342,CPVT,125,44.330860000000001,-73.243360000000010,54.000000000000000,Adult,41.7,Co-dominant,Alive,65,Y,Yes,10,2,2.000000000000000,5,1.000000000000000,2.000000000000000,0,0,0,0,0.000000000000000, ,0,0, ,0, , ,0,0,0,upland,"Nearby grasses or forbs, Vines on the tree", ,live crown may be underestimated because of natural senescence,0,0,0,0,0,0,0,0,1,0,0,0,0,0,0,0,0,0,0,0,1,0,0,0,0,0,0,0,VT007,10,SxE,281759,-73.243360000104019,44.330859999708373
99,1,99,343,CPVT,126,44.331040000000002,-73.244739999999993,45.000000000000000,Adult,26.3,Suppressed,Alive,75,Y,Yes,10,5,5.000000000000000,4,1.500000000000000,2.000000000000000,0,0,0,0,0.000000000000000, ,0,0, ,0, , ,0,0,0,upland,"Nearby grasses or forbs, Vines on the tree", ,adjacent to ash,0,0,0,0,0,0,0,0,1,0,0,1,0,0,0,0,0,0,0,0,1,0,0,0,0,0,0,0,VT007,10,Cv,281682,-73.244740000128331,44.331040000144746
100,1,100,344,CPVT,127,44.331000000000003,-73.244550000000004,23.500000000000000,Adult,23.8,Co-dominant,Alive,10,Y,Yes,80,10,12.000000000000000,75,2.500000000000000,5.000000000000000,0,0,0,0,0.000000000000000, ,0,0, ,0, , ,0,0,0,upland,"Nearby grasses or forbs, Nearby shrubs, Vines on the tree", ,primary canker at base but few cankers on the rest of the crown even though it has severe dieback,0,0,0,0,0,0,0,0,1,1,0,0,0,0,0,0,0,0,0,0,0,0,0,0,0,0,0,0,VT007,10,Cv,281682,-73.244550000157531,44.331000000309707
101,1,101,345,CPVT,128,44.331319999999998,-73.244699999999995,28.000000000000000,Adult,22.7,Co-dominant,Alive,10,Y,Yes,65,15,15.000000000000000,70,3.000000000000000,5.000000000000000,0,0,0,0,0.000000000000000, ,0,0, ,0, , ,0,0,0,upland,"Nearby shrubs, Vines on the tree", ,ht assessed to top live branch,0,0,0,0,0,0,0,0,1,0,0,0,0,0,0,0,0,0,1,0,1,1,0,0,0,0,0,0,VT007,10,Cv,281682,-73.244699999945325,44.331320000153866
102,1,102,346,CPVT,129,44.331290000000003,-73.244739999999993,49.000000000000000,Adult,33.2,Intermediate,Alive,10,Y,Yes,85,3,10.000000000000000,75,3.000000000000000,5.000000000000000,0,0,0,0,0.000000000000000, ,0,0, ,0, , ,0,0,0,upland,"Nearby grasses or forbs, Vines on the tree", , ,1,0,0,0,0,0,0,0,1,0,0,1,0,0,0,0,0,0,0,0,1,0,0,0,0,0,0,0,VT007,10,Cv,281682,-73.244740000128331,44.331290000262761
103,1,103,347,CPVT,130,44.331339999999997,-73.244510000000005,38.000000000000000,Adult,23.8,Dominant,Alive,50,Y,Yes,40,50,50.000000000000000,50,4.000000000000000,3.500000000000000,0,0,0,0,0.000000000000000, ,0,0, ,0, , ,0,0,0,upland,"Nearby grasses or forbs, Nearby shrubs, Vines on the tree", ,lots of long cankers across the bole and crown,1,0,0,0,0,0,0,0,1,0,0,0,0,0,0,0,0,0,0,0,1,0,0,0,0,0,0,0,VT007,10,Cv,281682,-73.244509999974511,44.331340000286993
104,1,104,348,CPVT,131,44.331350000000000,-73.244460000000004,39.000000000000000,Adult,27.8,Co-dominant,Alive,50,Y,Yes,20,5,15.000000000000000,15,2.500000000000000,3.500000000000000,0,0,0,0,0.000000000000000, ,0,0, ,0, , ,0,0,0,upland,"Nearby grasses or forbs, Nearby shrubs", , ,1,0,0,0,0,0,0,0,1,1,0,0,0,0,0,0,0,0,0,0,1,0,0,0,0,0,0,0,VT007,10,Cv,281682,-73.244459999745814,44.331350000029630
105,1,105,349,CPVT,132,44.331460000000000,-73.244280000000003,20.000000000000000,Adult,19,Co-dominant,Alive,75,Y,Yes,65,0,30.000000000000000,50,3.500000000000000,2.000000000000000,0,0,0,0,0.000000000000000, ,0,0, ,0, , ,0,0,0,upland,"Nearby shrubs, Vines on the tree", , ,0,0,0,0,0,0,0,1,1,0,0,0,0,0,0,0,0,0,0,0,0,1,1,0,0,0,0,0,VT007,10,Cv,281682,-73.244279999820776,44.331460000299778
106,1,106,370,CPVT,163,44.331249000000000,-73.242998000000000,1.790000000000000,Seedling, , , ,0, , ,0,0,0.000000000000000,0,0.000000000000000,0.000000000000000,96,81,96,96,13.420000000000000,Having been mowed in the past,1,2024,Alive,15,N, ,0,0,0,upland,Nearby grasses or forbs, , ,0,0,0,0,0,0,0,0,1,0,0,0,0,0,0,0,0,0,0,0,1,0,0,0,0,0,0,0,VT007,10,SxE,281759,-73.242997999705736,44.331249000108230
107,1,107,371,CPVT,164,44.331072000000006,-73.243073999999993,1.500000000000000,Seedling, , , ,0, , ,0,0,0.000000000000000,0,0.000000000000000,0.000000000000000,96,92,96,96,8.029999999999999,Having been mowed in the past,1,2022,Alive,60,N, ,0,0,0,upland,Nearby grasses or forbs, ,"2 stems, measured larger one. seem to be resprouts of a much older stem that was mowed",0,0,0,0,0,0,0,0,1,0,0,0,0,0,0,0,0,0,0,0,1,0,0,0,0,0,0,0,VT007,10,SxE,281759,-73.243073999873744,44.331071999864591
108,1,108,372,CPVT,165,44.331175000000002,-73.243054999999998,3.580000000000000,Seedling, , , ,0, , ,0,0,0.000000000000000,0,0.000000000000000,0.000000000000000,96,89,96,96,11.060000000000000,Having been mowed in the past,1,2022,Alive,75,N, ,0,0,0,upland,None apparent, ,resprout of previous large mowed stem,0,0,0,0,0,0,0,0,1,0,0,0,0,0,0,0,0,0,0,0,1,0,0,0,0,0,0,0,VT007,10,SxE,281759,-73.243054999607125,44.331174999788146
109,1,109,373,CPVT,166,44.330964999999999,-73.243152999999992,1.420000000000000,Seedling, , , ,0, , ,0,0,0.000000000000000,0,0.000000000000000,0.000000000000000,96,96,96,96,5.010000000000000, ,0,2025,Alive,20,N, ,0,0,0,upland,Nearby grasses or forbs, , ,0,0,0,0,0,0,0,0,1,0,0,0,0,0,0,0,0,0,0,0,1,0,0,0,0,0,0,0,VT007,10,SxE,281759,-73.243153000414765,44.330964999708755
110,1,110,374,CPVT,167,44.331117999999996,-73.242960000000011,2.500000000000000,Seedling, , , ,0, , ,0,0,0.000000000000000,0,0.000000000000000,0.000000000000000,96,96,90,96,13.910000000000000,Having been mowed in the past,0,2022,Alive,95,N, ,0,0,0,upland,None apparent, , ,0,0,0,0,0,0,0,0,1,0,0,0,0,0,0,0,0,0,0,0,1,0,0,0,0,0,0,0,VT007,10,SxE,281759,-73.242960000070880,44.331118000033719
111,1,111,375,CPVT,168,44.331142000000000,-73.242918000000003,1.330000000000000,Seedling, , , ,0, , ,0,0,0.000000000000000,0,0.000000000000000,0.000000000000000,96,96,84,96,5.730000000000000,Having been mowed in the past,1,2024,Alive,30,N, ,0,0,0,upland,Nearby grasses or forbs, , ,0,0,0,0,0,0,0,0,1,0,0,0,0,0,0,0,0,0,0,0,1,0,0,0,0,0,0,0,VT007,10,SxE,281759,-73.242918000238149,44.331142000275314
112,1,112,376,CPVT,169,44.330969000000003,-73.243117999999996,1.670000000000000,Seedling, , , ,0, , ,0,0,0.000000000000000,0,0.000000000000000,0.000000000000000,96,96,96,94,4.600000000000000,Having been mowed in the past,4,2020,Alive,5,N, ,0,0,0,upland,Nearby grasses or forbs, , ,0,0,0,0,0,0,0,0,1,0,0,0,0,0,0,0,0,0,0,0,1,0,0,0,0,0,0,0,VT007,10,SxE,281759,-73.243118000254640,44.330968999760138
113,1,113,377,CPVT,170,44.331088000000001,-73.242993000000013,1.130000000000000,Seedling, , , ,0, , ,0,0,0.000000000000000,0,0.000000000000000,0.000000000000000,80,91,96,96,5.320000000000000, ,0,2025,Alive,2,N, ,0,0,0,upland,Nearby grasses or forbs, , ,0,0,0,0,0,0,0,0,1,0,0,0,0,0,0,0,0,0,0,0,1,0,0,0,0,0,0,0,VT007,10,SxE,281759,-73.242992999682912,44.331088000039287
114,1,114,378,CPVT,171,44.330687999999995,-73.243300000000005,0.880000000000000,Seedling, , , ,0, , ,0,0,0.000000000000000,0,0.000000000000000,0.000000000000000,96,96,96,96,4.590000000000000,Having been mowed in the past,2,2023,Alive,40,N, ,0,0,0,upland,Nearby grasses or forbs, , ,0,0,0,0,0,0,0,0,1,0,0,0,0,0,0,0,0,0,0,0,1,0,0,0,0,0,0,0,VT007,10,SxE,281759,-73.243299999829532,44.330688000146054
115,1,115,379,CPVT,172,44.330759000000000,-73.242291499999993,1.380000000000000,Seedling, , , ,0, , ,0,0,0.000000000000000,0,0.000000000000000,0.000000000000000,96,92,91,96,6.470000000000000, ,1,2024,Alive,5,N, ,0,0,0,upland,Nearby grasses or forbs, ,2 main stems about an inch apart,0,0,0,0,0,0,0,0,1,0,0,0,0,0,0,0,0,0,0,0,1,0,0,0,0,0,0,0,VT007,10,SuB,281755,-73.242291499887600,44.330759000228284
116,1,116,380,CPVT,173,44.330661999999997,-73.243229999999997,1.420000000000000,Seedling, , , ,0, , ,0,0,0.000000000000000,0,0.000000000000000,0.000000000000000,96,96,96,96,10.820000000000000,Having been mowed in the past,0,2023,Alive,65,Y,Y,0,10,45,upland,Nearby grasses or forbs, ,node with dead stem could be canker or mechanical damage,0,0,0,0,0,0,0,0,1,0,0,0,0,0,0,0,0,0,0,0,1,0,0,0,0,0,0,0,VT007,10,SxE,281759,-73.243230000407635,44.330662000003898
117,1,117,381,CPVT,174,44.330643999999999,-73.243194000000003,5.750000000000000,Adult,0.86,NA - no canopy,Alive,100,N, ,0,0,0.000000000000000,0,0.000000000000000,0.000000000000000,0,0,0,0,0.000000000000000, ,0,0, ,0, , ,0,0,0,upland,None apparent, ,resprout of what was a dead sapling that may have been brushhogged,0,0,0,0,0,0,0,0,1,0,0,0,0,0,0,0,0,0,0,0,1,0,0,0,0,0,0,0,VT007,10,SxE,281759,-73.243194000422633,44.330643999997754
118,1,118,382,CPVT,175,44.330638999999998,-73.243423999999990,5.420000000000000,Adult,0.76,NA - no canopy,Alive,85,N, ,0,0,0.000000000000000,0,0.000000000000000,0.000000000000000,0,0,0,0,0.000000000000000, ,0,0, ,0, , ,0,0,0,upland,Nearby grasses or forbs, ,is a sprout of a large brushhogged stem,0,0,0,0,0,0,0,0,1,0,0,0,0,0,0,0,0,0,0,0,1,0,0,0,0,0,0,0,VT007,10,SxE,281759,-73.243423999678086,44.330639000066398
119,1,119,383,CPVT,176,44.330545999999998,-73.243516000000000,6.000000000000000,Adult,1,NA - no canopy,Alive,85,N, ,0,0,0.000000000000000,0,0.000000000000000,0.000000000000000,0,0,0,0,0.000000000000000, ,0,0, ,0, , ,0,0,0,upland,Nearby grasses or forbs, ,2 main resprouts from a large brushhogged stem,0,0,0,0,0,0,0,0,1,0,0,0,0,0,0,0,0,0,0,0,1,0,0,0,0,0,0,0,VT007,10,SxE,281759,-73.243515999739614,44.330545999723789
120,1,120,384,CPVT,177,44.330630999999997,-73.243409000000000,2.580000000000000,Seedling, , , ,0, , ,0,0,0.000000000000000,0,0.000000000000000,0.000000000000000,77,96,96,96,18.600000000000001,Having been mowed in the past,1,2022,Alive,70,N, ,0,0,0,upland,None apparent, , ,0,0,0,0,0,0,0,0,1,0,0,0,0,0,0,0,0,0,0,0,1,0,0,0,0,0,0,0,VT007,10,SxE,281759,-73.243408999609514,44.330630999918277
123,1,123,387,CPVT,180,44.330425999999996,-73.242929000000004,3.330000000000000,Seedling, , , ,0, , ,0,0,0.000000000000000,0,0.000000000000000,0.000000000000000,96,93,96,96,24.949999999999999,Having been mowed in the past,1,2020,Alive,40,N, ,0,0,0,upland,None apparent, , ,0,0,0,0,0,0,0,0,1,0,0,0,0,0,0,0,0,0,0,0,1,0,0,0,0,0,0,0,VT007,10,SxE,281759,-73.242929000108759,44.330425999768686
124,1,124,388,CPVT,181,44.330365000000000,-73.242831000000010,1.290000000000000,Seedling, , , ,0, , ,0,0,0.000000000000000,0,0.000000000000000,0.000000000000000,96,96,96,96,6.510000000000000, ,0,2025,Alive,20,N, ,0,0,0,upland,Nearby grasses or forbs, , ,0,0,0,0,0,0,0,0,1,0,0,0,0,0,0,0,0,0,0,0,1,0,0,0,0,0,0,0,VT007,10,SxE,281759,-73.242831000199487,44.330364999836604
125,1,125,389,CPVT,182,44.330282999999994,-73.242780999999994,1.420000000000000,Seedling, , , ,0, , ,0,0,0.000000000000000,0,0.000000000000000,0.000000000000000,96,96,96,96,5.440000000000000, ,0,2025,Alive,5,N, ,0,0,0,upland,Nearby grasses or forbs, , ,0,0,0,0,0,0,0,0,1,0,0,0,0,0,0,0,0,0,0,0,1,0,0,0,0,0,0,0,VT007,10,SxE,281759,-73.242780999970790,44.330283000133448
126,1,126,390,CPVT,183,44.330413999999998,-73.243037000000001,1.500000000000000,Seedling, , , ,0, , ,0,0,0.000000000000000,0,0.000000000000000,0.000000000000000,90,92,69,96,5.490000000000000,Having been mowed in the past,1,2023,Alive,15,N, ,0,0,0,upland,Nearby grasses or forbs, , ,0,0,0,0,0,0,0,0,1,0,0,0,0,0,0,0,0,0,0,0,1,0,0,0,0,0,0,0,VT007,10,SxE,281759,-73.243037000063808,44.330414000145183
127,1,127,391,CPVT,184,44.330253999999996,-73.243031000000002,2.460000000000000,Seedling, , , ,0, , ,0,0,0.000000000000000,0,0.000000000000000,0.000000000000000,96,93,71,96,13.900000000000000,Having been mowed in the past,0,2022,Alive,55,N, ,0,0,0,upland,Nearby grasses or forbs, , ,0,0,0,0,0,0,0,0,1,0,0,0,0,0,0,0,0,0,0,0,1,0,0,0,0,0,0,0,VT007,10,SxE,281759,-73.243031000216064,44.330254000218794
128,1,128,392,CPVT,185,44.329987000000003,-73.242540000000005,1.170000000000000,Seedling, , , ,0, , ,0,0,0.000000000000000,0,0.000000000000000,0.000000000000000,96,84,87,96,4.710000000000000,Having been mowed in the past,1,2023,Alive,85,N, ,0,0,0,upland,Nearby grasses or forbs, , ,0,0,0,0,0,0,0,0,1,0,0,0,0,0,0,0,0,0,0,0,1,0,0,0,0,0,0,0,VT007,10,SuB,281755,-73.242539999946331,44.329986999843541
129,1,129,393,CPVT,186,44.330486999999998,-73.243095999999994,1.790000000000000,Seedling, , , ,0, , ,0,0,0.000000000000000,0,0.000000000000000,0.000000000000000,96,96,96,96,4.600000000000000, ,0,2025,Alive,8,N, ,0,0,0,upland,Nearby grasses or forbs, , ,0,0,0,0,0,0,0,0,1,0,0,0,0,0,0,0,0,0,0,0,1,0,0,0,0,0,0,0,VT007,10,SxE,281759,-73.243095999615079,44.330487000279916
130,1,130,394,CPVT,187,44.330706999999997,-73.243574999999993,1.920000000000000,Seedling, , , ,0, , ,0,0,0.000000000000000,0,0.000000000000000,0.000000000000000,96,96,96,96,7.300000000000000,Having been mowed in the past,3,2022,Alive,20,N, ,0,0,0,upland,Nearby grasses or forbs, , ,0,0,0,0,0,0,0,0,1,0,0,0,0,0,0,0,0,0,0,0,1,0,0,0,0,0,0,0,VT007,10,SxE,281759,-73.243575000189182,44.330706999995449
131,1,131,395,CPVT,188,44.330489000000000,-73.243176000000005,2.080000000000000,Seedling, , , ,0, , ,0,0,0.000000000000000,0,0.000000000000000,0.000000000000000,96,96,96,93,9.840000000000000,Having been mowed in the past,2,2023,Alive,5,Y,N,0,2,15,upland,Nearby grasses or forbs, , ,0,0,0,0,0,0,0,0,1,0,0,0,0,0,0,0,0,0,0,0,1,0,0,0,0,0,0,0,VT007,10,SxE,281759,-73.243175999980963,44.330489000000647
132,1,132,396,CPVT,189,44.330764000000002,-73.243722000000005,1.000000000000000,Seedling, , , ,0, , ,0,0,0.000000000000000,0,0.000000000000000,0.000000000000000,87,96,96,96,4.820000000000000,Vole (nibbling on the bark),0,2025,Alive,70,N, ,0,0,0,upland,Nearby grasses or forbs, , ,0,0,0,0,0,0,0,0,1,0,0,0,0,0,0,0,0,0,0,0,1,0,0,0,0,0,0,0,VT007,10,SxE,281759,-73.243721999603935,44.330764000149323
133,1,133,397,CPVT,190,44.330576999999998,-73.243294000000006,4.500000000000000,Adult,0.63,NA - no canopy,Alive,70,N, ,0,0,0.000000000000000,0,0.000000000000000,0.000000000000000,0,0,0,0,0.000000000000000, ,0,0, ,0, , ,0,0,0,upland,None apparent, ,2 new stems from much larger dead mowed stem,0,0,0,0,0,0,0,0,1,0,0,0,0,0,0,0,0,0,0,0,1,0,0,0,0,0,0,0,VT007,10,SxE,281759,-73.243293999981788,44.330576999854387
134,1,134,398,CPVT,191,44.330772000000003,-73.243200999999999,6.670000000000000,Adult,1.16,NA - no canopy,Alive,95,N, ,0,0,0.000000000000000,0,0.000000000000000,0.000000000000000,0,0,0,0,0.000000000000000, ,0,0, ,0, , ,0,0,0,upland,None apparent, ,2 main stems from large brushhogged dead stem,0,0,0,0,0,0,0,0,1,0,0,0,0,0,0,0,0,0,0,0,1,0,0,0,0,0,0,0,VT007,10,SxE,281759,-73.243201000095326,44.330772000279246
135,1,135,399,CPVT,192,44.331000000000003,-73.243084999999994,1.500000000000000,Seedling, , , ,0, , ,0,0,0.000000000000000,0,0.000000000000000,0.000000000000000,96,96,96,96,5.820000000000000, ,0,2025,Alive,7,N, ,0,0,0,upland,Nearby grasses or forbs, , ,0,0,0,0,0,0,0,0,1,0,0,0,0,0,0,0,0,0,0,0,1,0,0,0,0,0,0,0,VT007,10,SxE,281759,-73.243084999744383,44.331000000309707
136,1,136,400,CPVT,133,44.337144000000002,-73.243245999999999,1.330000000000000,Seedling, , , ,0, , ,0,0,0.000000000000000,0,0.000000000000000,0.000000000000000,96,96,96,96,9.869999999999999,Having been mowed in the past,1,2024,Alive,90,N, ,0,0,0,upland,Nearby grasses or forbs, , ,0,0,0,0,1,0,0,0,0,0,0,0,1,0,0,0,0,0,0,0,0,0,0,0,0,0,0,0,VT007,10,SuD,281757,-73.243246000301156,44.337144000024580
137,1,137,401,CPVT,135,44.336765600000000,-73.244066899999993,1.500000000000000,Seedling, , , ,0, , ,0,0,0.000000000000000,0,0.000000000000000,0.000000000000000,70,94,48,22,7.460000000000000, ,0,2024,Alive,0,Y,N,0,3,8,upland,Nearby grasses or forbs, , ,0,0,0,0,1,0,0,1,1,0,0,0,1,0,0,0,0,0,0,0,0,0,0,0,0,0,0,0,VT007,10,GgC,281698,-73.244066899672461,44.336765599746180
138,1,138,402,CPVT,134,44.337330000000001,-73.243615000000005,3.170000000000000,Seedling, , , ,0, , ,0,0,0.000000000000000,0,0.000000000000000,0.000000000000000,96,96,96,96,15.920000000000000, ,0,2023,Alive,60,N, ,0,0,0,upland,Nearby grasses or forbs, , ,0,0,0,0,1,0,0,0,1,0,0,0,1,0,0,0,0,0,0,0,0,0,0,0,0,0,0,0,VT007,10,SxE,281759,-73.243615000372117,44.337330000196751
139,1,139,403,CPVT,137,44.336848999999994,-73.243222000000003,5.170000000000000,Adult,0.55,NA - no canopy,Alive,100,N, ,0,0,0.000000000000000,0,0.000000000000000,0.000000000000000,0,0,0,0,0.000000000000000, ,0,0, ,0, , ,0,0,0,upland,Nearby grasses or forbs, ,many stems all sprouts of a very large brushhogged tree,0,0,0,0,1,0,0,0,0,0,0,0,1,0,0,0,0,0,0,0,0,0,0,0,0,0,0,0,VT007,10,SuD,281757,-73.243222000011741,44.336849000061520
140,1,140,404,CPVT,138,44.336705000000002,-73.243018999999990,0.660000000000000,Seedling, , , ,0, , ,0,0,0.000000000000000,0,0.000000000000000,0.000000000000000,96,96,96,96,10.029999999999999,Having been mowed in the past,1,2024,Alive,75,N, ,0,0,0,upland,Nearby grasses or forbs, , ,0,0,0,0,1,0,0,0,0,0,0,0,1,0,0,0,0,0,0,0,0,0,0,0,0,0,0,0,VT007,10,SuD,281757,-73.243018999622137,44.336705000270150
141,1,141,405,CPVT,136,44.336724000000004,-73.243479999999991,0.830000000000000,Seedling, , , ,0, , ,0,0,0.000000000000000,0,0.000000000000000,0.000000000000000,96,96,79,71,2.660000000000000,Having been mowed in the past,1,2024,Alive,25,N, ,0,0,0,upland,Nearby grasses or forbs, ,growing out of a large brushhogged stem,0,0,0,0,1,0,0,0,0,0,0,0,1,0,0,0,0,0,0,0,0,0,0,0,0,0,0,0,VT007,10,SxE,281759,-73.243479999754626,44.336724000097760
142,1,142,406,CPVT,140,44.337173999999997,-73.242784000000000,1.080000000000000,Seedling, , , ,0, , ,0,0,0.000000000000000,0,0.000000000000000,0.000000000000000,75,94,96,96,9.960000000000001, ,0,2023,Alive,0,N, ,0,0,0,upland,Nearby grasses or forbs, , ,0,0,0,0,1,0,0,0,1,0,0,0,1,0,0,0,0,0,0,0,0,0,0,0,0,0,0,0,VT007,10,SuD,281757,-73.242784000343804,44.337174000133686
143,1,143,407,CPVT,141,44.336731000000000,-73.243378000000007,0.830000000000000,Seedling, , , ,0, , ,0,0,0.000000000000000,0,0.000000000000000,0.000000000000000,95,96,96,96,6.560000000000000,Having been mowed in the past,1,2024,Alive,40,N, ,0,0,0,upland,Nearby grasses or forbs, , ,0,0,0,0,1,0,0,0,1,0,0,0,1,0,0,0,0,0,0,0,0,0,0,0,0,0,0,0,VT007,10,SxE,281759,-73.243377999647336,44.336731000303260
144,1,144,408,CPVT,139,44.336764000000002,-73.243216000000004,3.500000000000000,Seedling, , , ,0, , ,0,0,0.000000000000000,0,0.000000000000000,0.000000000000000,83,69,57,96,22.670000000000002,Having been mowed in the past,1,2020,Alive,30,Y,Y,0,3,30,upland,None apparent, , ,0,0,0,0,1,0,0,0,1,0,0,0,1,0,0,0,0,0,0,0,0,0,0,0,0,0,0,0,VT007,10,SuD,281757,-73.243216000163983,44.336763999883821
145,1,145,409,CPVT,142,44.336734000000000,-73.243228000000002,3.000000000000000,Seedling, , , ,0, , ,0,0,0.000000000000000,0,0.000000000000000,0.000000000000000,96,91,96,96,13.130000000000001, ,0,2024,Alive,5,N, ,0,0,0,upland,None apparent, , ,0,0,0,0,1,0,0,0,1,0,0,0,1,0,0,0,0,0,0,0,0,0,0,0,0,0,0,0,VT007,10,SxE,281759,-73.243227999859542,44.336734000207478
146,1,146,410,CPVT,143,44.336615999999999,-73.243316000000007,3.250000000000000,Seedling, , , ,0, , ,0,0,0.000000000000000,0,0.000000000000000,0.000000000000000,96,96,96,96,27.050000000000001,Having been mowed in the past,1,2019,Alive,40,Y,Y,30,9,30,upland,Nearby grasses or forbs, , ,0,0,0,0,1,0,0,0,1,0,0,0,1,0,0,0,0,0,0,0,0,0,0,0,0,0,0,0,VT007,10,SxE,281759,-73.243315999723052,44.336616000217788
147,1,147,411,CPVT,144,44.336486000000001,-73.243129999999994,3.750000000000000,Seedling, , , ,0, , ,0,0,0.000000000000000,0,0.000000000000000,0.000000000000000,96,96,96,96,17.550000000000001,Having been mowed in the past,0,2023,Alive,70,Y,N,20,0,45,upland,Nearby grasses or forbs, , ,0,0,0,0,1,0,0,0,1,0,0,0,0,0,0,0,0,0,0,0,0,0,0,0,0,0,0,0,VT007,10,SuD,281757,-73.243129999950213,44.336485999681933
148,1,148,412,CPVT,146,44.335813000000002,-73.243265000000008,0.830000000000000,Seedling, , , ,0, , ,0,0,0.000000000000000,0,0.000000000000000,0.000000000000000,30,32,21,25,10.190000000000000, ,0,2024,Alive,90,N, ,0,0,0,upland,None apparent, , ,0,0,0,0,1,0,0,1,0,0,0,0,0,0,0,0,0,0,0,0,0,0,0,0,0,0,0,0,VT007,10,SxE,281759,-73.243264999669478,44.335812999911511
149,1,149,413,CPVT,145,44.335959000000003,-73.242806000000002,1.460000000000000,Seedling, , , ,0, , ,0,0,0.000000000000000,0,0.000000000000000,0.000000000000000,96,23,72,96,10.670000000000000, ,0,2024,Alive,20,N, ,0,0,0,upland,Nearby grasses or forbs, , ,0,0,0,0,1,0,0,1,0,0,0,0,0,0,0,0,0,0,0,0,0,0,0,0,0,0,0,0,VT007,10,SuD,281757,-73.242806000085153,44.335959000142594
150,1,150,414,CPVT,151,44.335653000000001,-73.243099999999998,1.040000000000000,Seedling, , , ,0, , ,0,0,0.000000000000000,0,0.000000000000000,0.000000000000000,14,33,95,79,10.640000000000001, ,0,2025,Alive,80,N, ,0,0,0,upland,None apparent, , ,0,0,0,0,1,0,0,1,0,0,0,0,0,0,0,0,0,0,0,0,0,0,0,0,0,0,0,0,VT007,10,SxE,281759,-73.243099999813040,44.335652999936130
151,1,151,415,CPVT,149,44.335725000000004,-73.242851999999999,2.670000000000000,Seedling, , , ,0, , ,0,0,0.000000000000000,0,0.000000000000000,0.000000000000000,91,96,60,48,20.570000000000000, ,0,2022,Alive,70,Y,Y,0,3,15,upland,Nearby shrubs, , ,0,0,0,0,1,0,0,0,1,0,0,0,0,0,0,0,0,0,0,0,0,0,0,0,0,0,0,0,VT007,10,SuD,281757,-73.242852000115903,44.335725000203972
152,1,152,416,CPVT,147,44.335969000000006,-73.243099999999998,1.000000000000000,Seedling, , , ,0, , ,0,0,0.000000000000000,0,0.000000000000000,0.000000000000000,95,55,37,48,9.920000000000000,Vole (nibbling on the bark),0,2025,Alive,50,N, ,0,0,0,upland,None apparent, , ,0,0,0,0,1,0,0,1,0,0,0,0,0,0,0,0,0,0,0,0,0,0,0,0,0,0,0,0,VT007,10,SuD,281757,-73.243099999813040,44.335968999740238
153,1,153,417,CPVT,150,44.335751999999999,-73.243105999999997,3.330000000000000,Seedling, , , ,0, , ,0,0,0.000000000000000,0,0.000000000000000,0.000000000000000,62,76,18,13,13.500000000000000, ,0,2023,Alive,95,N, ,0,0,0,upland,None apparent, , ,0,0,0,0,1,0,0,0,0,0,0,0,0,1,0,0,0,0,0,0,0,0,0,0,0,0,0,0,VT007,10,SxE,281759,-73.243105999660770,44.335751999799776
154,1,154,418,CPVT,148,44.335729000000001,-73.243066999999996,0.710000000000000,Seedling, , , ,0, , ,0,0,0.000000000000000,0,0.000000000000000,0.000000000000000,5,46,74,39,6.300000000000000, ,0,2024,Alive,85,N, ,0,0,0,upland,Nearby grasses or forbs, , ,0,0,0,0,1,0,0,0,0,0,0,0,0,1,0,0,0,0,0,0,0,0,0,0,0,0,0,0,VT007,10,SuD,281757,-73.243067000201066,44.335728999930659
155,1,155,419,CPVT,152,44.335644000000002,-73.242700999999997,1.660000000000000,Seedling, , , ,0, , ,0,0,0.000000000000000,0,0.000000000000000,0.000000000000000,96,90,96,96,9.190000000000000, ,0,2025,Alive,100,N, ,0,0,0,upland,Nearby grasses or forbs, , ,0,0,0,0,1,0,0,0,0,0,0,0,0,0,0,0,0,0,0,0,0,0,0,0,0,0,0,0,VT007,10,SuD,281757,-73.242700999604821,44.335644000057094
156,1,156,420,CPVT,153,44.335586000000006,-73.242896999999999,0.920000000000000,Seedling, , , ,0, , ,0,0,0.000000000000000,0,0.000000000000000,0.000000000000000,8,34,73,70,6.960000000000000, ,0,2025,Dead,0, , ,0,0,0,upland,None apparent, , ,0,0,0,0,1,0,0,0,0,0,0,0,0,0,0,0,0,0,0,0,0,0,0,0,0,0,0,0,VT007,10,SuD,281757,-73.242897000321733,44.335585999732459
157,1,157,421,CPVT,154,44.335350999999996,-73.242952000000002,1.250000000000000,Seedling, , , ,0, , ,0,0,0.000000000000000,0,0.000000000000000,0.000000000000000,96,94,66,95,7.900000000000000,"Vole (nibbling on the bark), Having been mowed in the past",0,2024,Alive,75,N, ,0,0,0,upland,Nearby grasses or forbs, , ,0,0,0,0,1,0,0,0,0,0,0,0,0,0,0,0,0,0,0,0,0,0,0,0,0,0,0,0,VT007,10,SuD,281757,-73.242951999674972,44.335350999813009
158,1,158,422,CPVT,155,44.335455000000003,-73.242927000000009,1.130000000000000,Seedling, , , ,0, , ,0,0,0.000000000000000,0,0.000000000000000,0.000000000000000,95,81,46,71,6.600000000000000,Having been mowed in the past,0,2024,Alive,50,N, ,0,0,0,upland,Nearby grasses or forbs, , ,0,0,0,0,1,0,0,0,0,0,0,0,0,0,0,0,0,0,0,0,0,0,0,0,0,0,0,0,VT007,10,SuD,281757,-73.242926999560623,44.335454999707622
159,1,159,423,CPVT,157,44.335262000000000,-73.242568000000006,0.630000000000000,Seedling, , , ,0, , ,0,0,0.000000000000000,0,0.000000000000000,0.000000000000000,96,79,96,88,7.140000000000000,Having been mowed in the past,1,2024,Alive,30,N, ,0,0,0,upland,Nearby grasses or forbs, , ,0,0,0,0,1,0,0,0,0,0,0,0,0,0,0,0,0,0,0,0,1,0,0,0,0,0,0,0,VT007,10,SuD,281757,-73.242568000433778,44.335262000275762
160,1,160,424,CPVT,158,44.335258000000003,-73.242713999999992,1.160000000000000,Seedling, , , ,0, , ,0,0,0.000000000000000,0,0.000000000000000,0.000000000000000,96,96,96,96,6.450000000000000, ,0,2025,Alive,20,N, ,0,0,0,upland,Nearby grasses or forbs, , ,0,0,0,0,0,0,0,0,1,0,0,0,0,0,0,0,0,0,0,0,1,0,0,0,0,0,0,0,VT007,10,SuD,281757,-73.242714000023611,44.335257999874720
161,1,161,425,CPVT,159,44.335130999999997,-73.242616999999996,3.920000000000000,Seedling, , , ,0, , ,0,0,0.000000000000000,0,0.000000000000000,0.000000000000000,96,96,96,96,20.710000000000001, ,0,2023,Alive,80,N, ,0,0,0,upland,Nearby grasses or forbs, , ,0,0,0,0,0,0,0,0,1,0,0,0,0,0,0,0,0,0,0,0,1,0,0,0,0,0,0,0,VT007,10,SuD,281757,-73.242616999939273,44.335131000169660
162,1,162,426,CPVT,162,44.334927000000000,-73.242405000000005,4.580000000000000,Adult,0.59,NA - no canopy,Alive,100,N, ,0,0,0.000000000000000,0,0.000000000000000,0.000000000000000,0,0,0,0,0.000000000000000, ,0,0, ,0, , ,0,0,0,upland,None apparent, ,one of many sprouts from a previous stem,0,0,0,0,0,0,0,0,1,0,0,0,0,0,0,0,0,0,1,0,0,0,0,0,0,0,0,0,VT007,10,SuB,281755,-73.242405000227137,44.334927000113282
163,1,163,427,CPVT,161,44.334873000000002,-73.242606999999992,1.250000000000000,Seedling, , , ,0, , ,0,0,0.000000000000000,0,0.000000000000000,0.000000000000000,96,87,43,93,7.820000000000000, ,0,2025,Alive,35,N, ,0,0,0,upland,Nearby grasses or forbs, , ,0,0,0,0,0,0,0,1,1,0,0,0,0,1,0,0,0,0,1,0,0,0,0,0,0,0,0,0,VT007,10,SuB,281755,-73.242606999893496,44.334873000149642
164,1,164,428,CPVT,160,44.335028999999999,-73.242975000000001,3.750000000000000,Seedling, , , ,0, , ,0,0,0.000000000000000,0,0.000000000000000,0.000000000000000,75,93,85,89,16.780000000000001,"Vole (nibbling on the bark), Having been mowed in the past",1,2023,Alive,70,N, ,0,0,0,upland,Nearby shrubs, , ,0,0,0,0,1,0,0,1,1,0,0,0,0,0,0,0,0,0,0,0,1,0,0,0,0,0,0,0,VT007,10,SuD,281757,-73.242975000139538,44.335028999908950
165,1,165,429,CPVT,156,44.335422000000001,-73.242558000000002,1.830000000000000,Seedling, , , ,0, , ,0,0,0.000000000000000,0,0.000000000000000,0.000000000000000,96,96,95,84,13.820000000000000,Vole (nibbling on the bark),0,2024,Alive,85,N, ,0,0,0,upland,None apparent, , ,0,0,0,0,1,0,0,0,1,0,0,0,0,0,0,0,0,0,0,0,1,0,0,0,0,0,0,0,VT007,10,SuD,281757,-73.242558000388001,44.335422000032949
